cpu_usage_percentage,rx_bytes,rx_packets,tx_bytes,tx_packets,rd_req,rd_bytes,wr_req,wr_bytes
0.491543751,52,1,0,0,0,0,0,0
0.291732318,0,0,0,0,0,0,0,0
0.426166764,52,1,0,0,0,0,0,0
0.756117211,0,0,0,0,0,0,0,0
0.323611515,52,1,0,0,0,0,0,0
0.388067034,0,0,0,0,0,0,0,0
0.594317603,52,1,0,0,0,0,0,0
0.438221918,0,0,0,0,0,0,0,0
0.424552237,52,1,0,0,0,0,0,0
0.576163506,0,0,0,0,0,0,0,0
0.964253269,52,1,0,0,0,0,0,0
0.435831427,0,0,0,0,0,0,0,0
0.670399718,52,1,0,0,0,0,0,0
0.392029575,0,0,0,0,0,0,0,0
0.467996718,52,1,0,0,0,0,0,0
0.451479247,0,0,0,0,0,0,0,0
0.503653312,52,1,0,0,0,0,0,0
0.220392758,0,0,0,0,0,0,0,0
0.497517971,52,1,0,0,0,0,0,0
0.502029968,0,0,0,0,0,0,0,0
0.458626837,52,1,0,0,0,0,0,0
0.741166421,52,1,0,0,0,0,0,0
0.969052877,801,4,3666,3,0,0,0,0
0.527034268,52,1,0,0,0,0,0,0
0.436928246,0,0,0,0,0,0,0,0
0.800562374,52,1,0,0,0,0,0,0
0.827550806,0,0,0,0,0,0,0,0
1.958738399,2427,12,10890,8,0,0,0,0
0.745621109,687,2,3525,1,0,0,0,0
1.9438891,2800,9,14100,4,0,0,0,0
1.364416573,2061,6,10575,3,0,0,0,0
1.42671739,3487,11,17625,5,0,0,0,0
2.103921011,3435,10,17625,5,0,0,0,0
1.371923757,2800,9,14100,4,0,0,0,0
1.53964899,3435,10,17625,5,0,0,0,0
1.234737022,1426,5,7050,2,0,0,0,0
0.432921032,0,0,0,0,0,0,0,0
0.605439964,52,1,0,0,0,0,0,0
1.262912543,0,0,0,0,0,0,0,0
2.272039202,52,1,0,0,0,0,0,0
0.811530738,66,1,66,1,0,0,0,0
2.187317853,52,1,0,0,0,0,0,0
48.59333548,0,0,0,0,0,0,0,0
15.29432167,52,1,0,0,0,0,0,0
1.661882644,0,0,0,0,0,0,0,0
1.478987683,52,1,0,0,0,0,0,0
3.341455545,0,0,0,0,0,0,0,0
2.017915174,52,1,0,0,0,0,0,0
47.31049205,1206,9,1284,13,0,0,0,0
24.0693402,109751,80,5431,64,0,0,0,0
50.88223849,260656,164,8205,101,0,0,0,0
6.010233623,650870,406,16584,234,0,0,0,0
20.50064628,788068,510,17094,259,0,0,0,0
19.98447407,784172,517,16830,255,0,0,0,0
20.64175344,541936,351,16638,227,0,0,0,0
55.49770974,118,2,0,0,0,0,0,0
56.48923001,0,0,0,0,0,0,0,0
53.87239507,94,2,42,1,0,0,0,0
49.69581903,0,0,0,0,0,0,0,0
50.83249217,52,1,0,0,0,0,0,0
54.79391193,0,0,0,0,0,0,0,0
3.527909837,52,1,0,0,0,0,0,0
0.798287901,0,0,0,0,0,0,0,0
1.481934137,52,1,0,0,0,0,0,0
0.311373075,0,0,0,0,0,0,0,0
0.580527229,52,1,0,0,0,0,0,0
0.303754068,0,0,0,0,0,0,0,0
0.332789815,52,1,0,0,0,0,0,0
0.919463404,0,0,0,0,0,0,0,0
0.321298616,52,1,0,0,0,0,0,0
0.355006236,0,0,0,0,0,0,0,0
0.356635528,52,1,0,0,0,0,0,0
0.398708432,0,0,0,0,0,0,0,0
0.655722455,52,1,0,0,0,0,0,0
0.606797383,0,0,0,0,0,0,0,0
0.450973949,52,1,0,0,0,0,0,0
0.231778697,0,0,0,0,0,0,0,0
0.497979385,52,1,0,0,0,0,0,0
0.477919157,0,0,0,0,0,0,0,0
0.317306906,52,1,0,0,0,0,0,0
0.646306513,0,0,0,0,0,0,0,0
0.489158563,52,1,0,0,0,0,0,0
0.428590654,0,0,0,0,0,0,0,0
2.629458695,52,1,0,0,0,0,0,0
0.214099906,118,2,66,1,0,0,0,0
0.192320152,0,0,0,0,0,0,0,0
0.356683296,52,1,0,0,0,0,0,0
0.339587348,0,0,0,0,0,0,0,0
2.297056961,52,1,0,0,0,0,0,0
0.336363834,42,1,42,1,0,0,0,0
0.821353798,52,1,0,0,0,0,0,0
36.59070329,0,0,0,0,0,0,0,0
27.05286646,52,1,0,0,0,0,0,0
13.98758079,0,0,0,0,0,0,0,0
1.094960723,52,1,0,0,0,0,0,0
1.212442328,0,0,0,0,0,0,0,0
4.129483526,52,1,0,0,0,0,0,0
55.90304535,0,0,0,0,0,0,0,0
0.544968258,52,1,0,0,0,0,0,0
1.896793156,0,0,0,0,0,0,0,0
0.575526222,52,1,0,0,0,0,0,0
8.327168072,0,0,0,0,0,0,0,0
45.95121575,52,1,0,0,0,0,0,0
32.03553522,0,0,0,0,0,0,0,0
25.34102317,52,1,0,0,0,0,0,0
33.8179501,0,0,0,0,0,0,0,0
57.75588446,52,1,0,0,28,1073170,0,0
77.42991827,0,0,0,0,28,1073170,0,0
54.84800374,52,1,0,0,0,0,0,0
41.26791561,0,0,0,0,0,0,0,0
0.535711967,52,1,0,0,0,0,0,0
0.698046209,0,0,0,0,0,0,0,0
0.36960473,52,1,0,0,0,0,0,0
1.473299685,215,1,0,0,0,0,0,0
5.614771704,267,2,0,0,0,0,0,0
0.353968884,215,1,0,0,0,0,0,0
0.581935331,267,2,0,0,0,0,0,0
0.827592828,0,0,0,0,0,0,0,0
0.739454388,52,1,0,0,0,0,0,0
1.164228179,0,0,0,0,0,0,0,0
1.255101994,52,1,0,0,0,0,0,0
0.583962024,0,0,0,0,0,0,0,0
0.284493144,52,1,0,0,0,0,0,0
0.419549672,0,0,0,0,0,0,0,0
0.465351344,52,1,0,0,0,0,0,0
0.335967841,0,0,0,0,0,0,0,0
0.403122032,52,1,0,0,0,0,0,0
0.370667938,0,0,0,0,0,0,0,0
0.683031315,52,1,0,0,0,0,0,0
0.394042311,0,0,0,0,0,0,0,0
0.773463385,118,2,54,1,0,0,0,0
0.366682883,0,0,0,0,0,0,0,0
0.348943346,52,1,0,0,0,0,0,0
0.436311868,0,0,0,0,0,0,0,0
0.372413916,52,1,0,0,0,0,0,0
0.352927009,84,2,84,2,0,0,0,0
0.911849607,52,1,0,0,0,0,0,0
0.389324068,0,0,0,0,0,0,0,0
0.345605529,52,1,0,0,0,0,0,0
0.436572879,0,0,0,0,0,0,0,0
0.222617809,52,1,0,0,0,0,0,0
0.169388959,0,0,0,0,0,0,0,0
0.464254992,52,1,0,0,0,0,0,0
0.287628017,0,0,0,0,0,0,0,0
0.454507947,52,1,0,0,0,0,0,0
0.480610639,0,0,0,0,0,0,0,0
0.283828613,52,1,0,0,0,0,0,0
0.650099748,1514,6,7191,4,0,0,0,0
1.895862684,4861,15,24675,7,0,0,0,0
1.62406085,4809,14,24675,7,0,0,0,0
1.797700444,6235,19,31725,9,0,0,0,0
1.917089332,6183,18,31725,9,0,0,0,0
1.539989846,4174,13,21150,6,0,0,0,0
1.440232762,4809,14,24675,7,0,0,0,0
1.996582654,6922,21,35250,10,0,0,0,0
1.78880685,6235,19,31725,9,0,0,0,0
3.004929461,6870,20,35250,10,0,0,0,0
2.27256019,6235,19,31725,9,0,0,0,0
1.524419394,5496,16,28198,8,0,0,0,0
1.525952444,5820,21,31955,13,0,0,0,0
1.680870221,5496,16,28200,8,0,0,0,0
0.404210393,739,3,3525,1,0,0,0,0
0.804289273,0,0,0,0,0,0,0,0
0.307370002,52,1,0,0,0,0,0,0
0.563929286,0,0,0,0,0,0,0,0
0.651804668,52,1,66,1,0,0,0,0
0.479431405,0,0,0,0,0,0,0,0
0.385681706,52,1,0,0,0,0,0,0
0.916491547,0,0,0,0,0,0,0,0
0.271715102,52,1,0,0,0,0,0,0
0.471848558,0,0,0,0,0,0,0,0
0.525470021,118,2,66,1,0,0,0,0
0.304206394,0,0,0,0,0,0,0,0
0.339075331,52,1,0,0,0,0,0,0
0.659546972,0,0,0,0,0,0,0,0
0.753001413,52,1,0,0,0,0,0,0
0.383761522,0,0,0,0,0,0,0,0
0.46082391,52,1,0,0,0,0,0,0
0.335597017,0,0,0,0,0,0,0,0
0.209427181,52,1,0,0,0,0,0,0
0.343649254,0,0,0,0,0,0,0,0
0.32968277,52,1,0,0,0,0,0,0
0.305508477,0,0,0,0,0,0,0,0
0.43551581,52,1,0,0,0,0,0,0
0.32102212,0,0,0,0,0,0,0,0
0.259201667,52,1,0,0,0,0,0,0
0.444761419,0,0,0,0,0,0,0,0
0.506849254,52,1,0,0,0,0,0,0
0.637418893,0,0,0,0,0,0,0,0
0.648118106,52,1,0,0,0,0,0,0
0.284516585,0,0,0,0,0,0,0,0
0.265003365,52,1,0,0,0,0,0,0
0.430260057,0,0,0,0,0,0,0,0
0.259865255,52,1,0,0,0,0,0,0
0.438779776,0,0,0,0,0,0,0,0
0.533372625,150,2,98,1,0,0,0,0
0.292319979,98,1,98,1,0,0,0,0
0.303010339,150,2,98,1,0,0,0,0
0.525846271,98,1,98,1,0,0,0,0
0.265732941,150,2,98,1,0,0,0,0
0.40631062,140,2,140,2,0,0,0,0
0.59315288,150,2,98,1,0,0,0,0
0.40959289,98,1,98,1,0,0,0,0
0.359893761,150,2,98,1,0,0,0,0
0.480041871,0,0,0,0,0,0,0,0
0.29309618,52,1,0,0,0,0,0,0
0.335967511,0,0,0,0,0,0,0,0
0.752661936,52,1,0,0,0,0,0,0
31.71630064,385434,3933,385336,3932,0,0,0,0
88.74859902,1482694,15130,1482544,15128,0,0,0,0
88.773369,1611904,16448,1611904,16448,0,0,0,0
52.91317294,0,0,0,0,0,0,0,0
52.4376285,0,0,0,0,0,0,0,0
52.47847673,0,0,0,0,0,0,0,0
61.50433947,0,0,0,0,0,0,0,0
64.14909208,0,0,0,0,0,0,0,0
44.66153343,0,0,0,0,6,178,0,0
52.12800643,0,0,0,0,0,0,0,0
56.5081371,0,0,0,0,28,1073170,0,0
77.05300961,0,0,0,0,28,1073170,0,0
97.4842766,0,0,0,0,0,0,0,0
95.70014476,0,0,0,0,30,1073218,0,0
72.68100291,0,0,0,0,0,0,0,0
34.4356378,4276,34,770,3,0,0,0,0
0.619132983,52,1,176,2,0,0,0,0
37.96125691,0,0,90,1,0,0,0,0
93.49588311,52,1,160,2,0,0,0,0
92.42933327,0,0,0,0,0,0,0,0
52.65726851,94,2,42,1,0,0,0,0
52.60311748,0,0,0,0,0,0,0,0
53.29249381,52,1,70,1,0,0,0,0
59.50215084,0,0,0,0,0,0,0,0
57.94881744,52,1,0,0,0,0,0,0
74.48193158,0,0,0,0,0,0,0,0
85.27829917,52,1,0,0,0,0,0,0
28.35033943,0,0,0,0,0,0,0,0
2.943362828,52,1,0,0,0,0,0,0
0.96428924,0,0,70,1,0,0,0,0
48.4948585,302,3,0,0,0,0,0,0
19.88283978,0,0,0,0,0,0,0,0
0.405067564,52,1,0,0,0,0,0,0
0.475228476,0,0,0,0,0,0,0,0
1.06816949,52,1,0,0,0,0,0,0
0.499372717,0,0,0,0,0,0,0,0
0.571326202,52,1,0,0,0,0,0,0
0.513110187,0,0,0,0,0,0,0,0
0.346452078,52,1,0,0,0,0,0,0
0.53346151,0,0,0,0,0,0,0,0
0.701484347,52,1,0,0,0,0,0,0
0.338985003,0,0,0,0,0,0,0,0
2.070520144,52,1,0,0,0,0,0,0
0.827558693,0,0,70,1,0,0,0,0
0.532669432,52,1,0,0,0,0,0,0
0.426139228,0,0,0,0,0,0,0,0
0.78643599,52,1,0,0,0,0,0,0
1.033284723,424,3,260,3,0,0,0,0
0.588940228,52,1,0,0,0,0,0,0
1.444487206,0,0,0,0,0,0,0,0
0.402870184,52,1,0,0,0,0,0,0
0.404898159,0,0,0,0,0,0,0,0
0.761893245,136,3,84,2,0,0,0,0
36.32081747,667674,6813,667576,6812,0,0,0,0
44.91814484,989950,10102,989898,10101,0,0,0,0
47.22636083,1006068,10266,1006068,10266,0,0,0,0
49.31923972,1057374,10790,1057322,10789,0,0,0,0
32.32113749,650230,6635,650328,6636,0,0,0,0
42.26881977,900574,9190,900620,9190,0,0,0,0
59.19175195,1207654,12323,1207654,12323,0,0,0,0
42.15285027,929680,9487,929726,9487,0,0,0,0
49.55419562,968322,9880,968142,9879,0,0,0,0
36.71157795,745244,7605,745290,7605,0,0,0,0
43.56016444,913752,9324,913752,9324,0,0,0,0
50.01426041,1073446,10954,1073296,10952,0,0,0,0
43.24191938,882560,9006,882392,9004,0,0,0,0
40.89222722,915176,9339,915124,9338,0,0,0,0
53.32509273,1101814,11243,1101814,11243,0,0,0,0
35.57338859,731230,7462,731276,7462,0,0,0,0
46.90614492,951580,9710,951580,9710,0,0,0,0
48.2553022,948986,9684,948934,9683,0,0,0,0
37.72652729,759990,7755,759990,7755,0,0,0,0
43.81975098,853534,8710,853482,8709,0,0,0,0
55.06625421,1123962,11469,1123934,11469,0,0,0,0
30.17524693,623724,6365,623574,6363,0,0,0,0
43.3175241,921886,9407,921788,9406,0,0,0,0
57.77747805,1091478,11138,1091524,11138,0,0,0,0
41.27013811,836724,8538,836822,8539,0,0,0,0
45.66116229,969220,9890,969220,9890,0,0,0,0
47.35921321,926438,9454,926386,9453,0,0,0,0
50.95942988,1027964,10490,1027866,10489,0,0,0,0
54.12274232,1149494,11730,1149540,11730,0,0,0,0
33.57833735,628964,6418,629062,6419,0,0,0,0
50.52042319,1063646,10854,1063594,10853,0,0,0,0
56.14545172,1001168,10216,1001266,10217,0,0,0,0
31.50322778,662924,6765,662774,6763,0,0,0,0
45.72153614,925022,9439,924924,9438,0,0,0,0
43.5750022,969958,9898,969906,9897,0,0,0,0
16.12007001,343238,3503,343238,3503,0,0,0,0
39.19478081,930856,9499,930804,9498,0,0,0,0
47.67973102,994994,10153,994896,10152,0,0,0,0
32.19305866,661356,6749,661304,6748,0,0,0,0
49.79327104,1050952,10724,1050854,10723,0,0,0,0
62.66407246,1272288,12983,1272334,12983,0,0,0,0
35.60358355,808598,8251,808500,8250,0,0,0,0
48.71835143,1006120,10267,1005970,10265,0,0,0,0
38.12344622,752150,7675,752248,7676,0,0,0,0
31.99138452,625586,6384,625534,6383,0,0,0,0
48.99015547,1002932,10234,1002834,10233,0,0,0,0
51.5681645,1018762,10396,1018808,10396,0,0,0,0
37.96204709,733628,7486,733628,7486,0,0,0,0
47.01173477,963294,9830,963242,9829,0,0,0,0
55.0801704,1027726,10487,1027726,10487,0,0,0,0
38.05265147,763080,7787,763028,7786,0,0,0,0
47.18703991,1036252,10574,1036154,10573,0,0,0,0
42.46252602,768960,7847,768908,7846,0,0,0,0
38.06921537,859950,8775,859950,8775,0,0,0,0
54.01410568,1116664,11395,1116612,11394,0,0,0,0
38.49944054,679966,6939,680064,6940,0,0,0,0
48.52941868,1003082,10236,1002932,10234,0,0,0,0
54.5576393,1165024,11888,1164926,11887,0,0,0,0
32.04802342,639698,6528,639638,6527,0,0,0,0
46.48491828,1013508,10342,1013418,10341,0,0,0,0
60.84449807,1178404,12025,1178450,12025,0,0,0,0
28.84849364,604758,6171,604660,6170,0,0,0,0
46.49536667,1008374,10290,1008322,10289,0,0,0,0
58.28709683,1220296,12452,1220296,12452,0,0,0,0
33.07028737,636954,6500,636902,6499,0,0,0,0
43.07195925,907401,9258,907088,9256,0,0,0,0
48.88030182,865607,8832,865340,8830,0,0,0,0
35.09648439,684549,6984,684432,6984,0,0,0,0
39.8799689,728254,7426,730728,7422,0,0,0,0
45.35683505,867302,8840,873076,8839,0,0,0,0
26.52115926,502894,5112,514194,5107,0,0,0,0
37.68804314,786940,8030,787038,8031,0,0,0,0
36.67259463,796482,8127,796250,8125,0,0,0,0
43.72417718,896406,9147,896504,9148,0,0,0,0
22.93286798,484662,4946,484610,4945,0,0,0,0
33.22843352,612305,6243,615241,6243,0,0,0,0
50.50818176,1075700,10977,1075620,10976,0,0,0,0
38.20122585,772143,7874,775079,7874,0,0,0,0
51.38812469,1145154,11686,1145032,11684,0,0,0,0
52.30856599,1022238,10431,1022140,10430,0,0,0,0
35.99030541,773076,7889,772926,7887,0,0,0,0
45.23315256,1000972,10214,1001070,10215,0,0,0,0
15.91427529,357328,3647,357276,3646,0,0,0,0
0.337752889,0,0,0,0,0,0,0,0
0.293218055,52,1,0,0,0,0,0,0
0.75796939,0,0,0,0,0,0,0,0
0.31140488,52,1,0,0,0,0,0,0
0.261083613,0,0,0,0,0,0,0,0
0.523987396,52,1,0,0,0,0,0,0
0.322336195,0,0,0,0,0,0,0,0
0.744333487,52,1,0,0,0,0,0,0
13.86390108,342198,6337,183744,3168,0,0,0,0
66.98874322,2094604,38789,1124852,19394,0,0,0,0
60.00009423,1874448,34712,1006706,17357,0,0,0,0
67.16432507,1917160,35503,1029566,17751,0,0,0,0
64.63276538,2137428,39582,1147878,19791,0,0,0,0
57.96772593,1807378,33470,970630,16735,0,0,0,0
63.21544882,2093796,38774,1123228,19366,0,0,0,0
59.7309481,1906414,35304,1023766,17651,0,0,0,0
58.80458074,1734478,32120,931480,16060,0,0,0,0
61.88735735,1739664,32216,934264,16108,0,0,0,0
58.78264836,1890160,35003,1015066,17501,0,0,0,0
65.6873274,2120688,39272,1135988,19586,0,0,0,0
72.5750931,1781620,32993,957638,16511,0,0,0,0
66.8033061,2003820,37108,1076174,18555,0,0,0,0
63.72719857,2141692,39661,1150322,19833,0,0,0,0
65.85973473,2050812,37978,1101188,18986,0,0,0,0
61.63202482,1949236,36097,1045740,18030,0,0,0,0
60.37345017,2030076,37594,1090292,18798,0,0,0,0
66.63676267,2261734,41884,1212664,20908,0,0,0,0
58.69172916,2033586,37659,1094286,18867,0,0,0,0
63.42266444,2043250,37838,1097998,18931,0,0,0,0
63.59231062,1970082,36483,1057986,18241,0,0,0,0
62.5404156,2039200,37763,1095388,18886,0,0,0,0
62.79988384,1904688,35272,1024338,17661,0,0,0,0
61.75804288,1754092,32483,941878,16239,0,0,0,0
56.84109074,1710720,31680,918720,15840,0,0,0,0
57.28931478,1734208,32115,931306,16057,0,0,0,0
60.75643949,1802346,33377,967946,16689,0,0,0,0
31.24604981,834514,15454,448166,7727,0,0,0,0
0.587967341,0,0,0,0,0,0,0,0
0.276716357,52,1,0,0,0,0,0,0
0.381187722,90,1,90,1,0,0,0,0
0.76987326,52,1,0,0,0,0,0,0
0.457164257,0,0,0,0,0,0,0,0
0.425368502,52,1,0,0,0,0,0,0
0.530864122,0,0,0,0,0,0,0,0
0.314442364,52,1,0,0,0,0,0,0
0.364330145,0,0,0,0,0,0,0,0
0.922570685,52,1,0,0,0,0,0,0
0.263412986,0,0,0,0,0,0,0,0
0.321252323,52,1,0,0,0,0,0,0
0.558316671,0,0,0,0,0,0,0,0
0.473077858,52,1,0,0,0,0,0,0
0.296711853,0,0,0,0,0,0,0,0
0.829330954,52,1,0,0,0,0,0,0
0.302497055,0,0,0,0,0,0,0,0
0.285645929,52,1,0,0,0,0,0,0
0.611411816,0,0,0,0,0,0,0,0
0.338968545,52,1,0,0,0,0,0,0
0.258097708,0,0,0,0,0,0,0,0
0.762096812,52,1,0,0,0,0,0,0
0.419596323,0,0,0,0,0,0,0,0
0.370059763,52,1,0,0,0,0,0,0
0.499631791,0,0,0,0,0,0,0,0
0.369221464,52,1,0,0,0,0,0,0
0.236636055,0,0,0,0,0,0,0,0
0.811378257,52,1,0,0,0,0,0,0
1.389155932,0,0,0,0,0,0,0,0
0.755861082,879,5,3666,3,0,0,0,0
0.928717522,1374,4,7050,2,0,0,0,0
1.860429807,5548,17,28200,8,0,0,0,0
0.795082634,2061,6,10575,3,0,0,0,0
1.782748822,5548,17,28200,8,0,0,0,0
1.74816507,4809,14,24675,7,0,0,0,0
1.473083619,5548,17,28200,8,0,0,0,0
2.322873263,5496,16,28200,8,0,0,0,0
1.409409804,4861,15,24675,7,0,0,0,0
0.724488564,2061,6,10575,3,0,0,0,0
1.715916339,4174,13,21150,6,0,0,0,0
1.289893107,3435,10,17625,5,0,0,0,0
1.164938937,4174,13,21150,6,0,0,0,0
1.018426234,3435,10,17625,5,0,0,0,0
1.338423053,4174,13,21150,6,0,0,0,0
1.346445282,4122,12,21150,6,0,0,0,0
0.715418198,739,3,3525,1,0,0,0,0
2.405149933,4174,13,21144,6,0,0,0,0
1.905975534,4328,15,21384,10,0,0,0,0
1.948214233,4174,13,21150,6,0,0,0,0
2.284095715,4122,12,21150,6,0,0,0,0
1.912392626,3487,11,17625,5,0,0,0,0
1.756691158,4122,12,21150,6,0,0,0,0
1.228346499,2800,9,14100,4,0,0,0,0
1.166079327,2748,8,14100,4,0,0,0,0
1.87458798,3487,11,17625,5,0,0,0,0
1.698220538,2061,6,10575,3,0,0,0,0
1.22939971,2113,7,10575,3,0,0,0,0
0.417875593,0,0,0,0,0,0,0,0
0.27357998,52,1,0,0,0,0,0,0
0.505475876,0,0,0,0,0,0,0,0
0.504885467,52,1,0,0,0,0,0,0
0.374799349,66,1,66,1,0,0,0,0
0.526084245,52,1,0,0,0,0,0,0
0.422096947,215,1,0,0,0,0,0,0
0.298243932,267,2,0,0,0,0,0,0
0.634737451,215,1,90,1,0,0,0,0
0.639735064,357,3,0,0,0,0,0,0
0.417486254,0,0,0,0,0,0,0,0
0.634172233,52,1,0,0,0,0,0,0
0.504392464,0,0,70,1,0,0,0,0
0.410472161,52,1,0,0,0,0,0,0
0.584877706,0,0,0,0,0,0,0,0
0.701810103,52,1,0,0,0,0,0,0
0.482156269,0,0,0,0,0,0,0,0
0.585877528,52,1,0,0,0,0,0,0
0.539903948,0,0,0,0,0,0,0,0
0.286018594,52,1,0,0,0,0,0,0
0.754062232,0,0,0,0,0,0,0,0
0.335948575,232,2,0,0,0,0,0,0
0.597523705,0,0,0,0,0,0,0,0
0.420254761,52,1,0,0,0,0,0,0
19.14031458,605718,11217,325032,5604,0,0,0,0
63.314931,1883950,34888,1014130,17485,0,0,0,0
62.3058435,1764450,32675,945168,16296,0,0,0,0
61.05570037,1922776,35607,1032632,17804,0,0,0,0
65.41513809,2124036,39334,1140520,19664,0,0,0,0
64.09380572,1947496,36065,1045840,18032,0,0,0,0
64.18387134,2055942,38073,1104436,19042,0,0,0,0
62.20357651,1912462,35416,1027072,17708,0,0,0,0
62.16362231,1938276,35894,1040810,17945,0,0,0,0
58.73901657,1901986,35222,1023294,17643,0,0,0,0
64.95111568,1935576,35844,1039476,17922,0,0,0,0
70.13636759,2121982,39296,1139592,19648,0,0,0,0
59.46940328,1941084,35946,1042376,17972,0,0,0,0
60.82893838,1852954,34314,994468,17146,0,0,0,0
64.68454539,1875420,34730,1007236,17366,0,0,0,0
61.9296243,1860568,34455,999108,17226,0,0,0,0
61.18546563,1946796,36052,1045608,18028,0,0,0,0
64.97300861,1978612,36641,1063082,18329,0,0,0,0
57.12463809,1767798,32737,949410,16369,0,0,0,0
50.42159738,1260534,23321,683189,11659,0,0,0,0
62.2697402,1788141,33103,963773,16557,0,0,0,0
61.72423326,1599843,29616,862397,14809,0,0,0,0
57.59214778,1567696,29010,848174,14504,0,0,0,0
49.79292497,1494019,27656,805317,13825,0,0,0,0
55.90095728,1564309,28958,842901,14473,0,0,0,0
59.89698935,1751676,32417,945258,16178,0,0,0,0
67.18289687,1682230,31131,911916,15603,0,0,0,0
63.19001734,1709100,31650,917792,15824,0,0,0,0
56.43927842,1655692,30661,889024,15328,0,0,0,0
64.23175596,1956150,36225,1050844,18118,0,0,0,0
67.33483774,1940704,35939,1042210,17969,0,0,0,0
46.55387383,1080228,20004,580066,10001,0,0,0,0
58.35278066,1781998,33000,956826,16497,0,0,0,0
55.71740931,1707696,31624,917212,15814,0,0,0,0
60.10736977,1758076,32557,944132,16278,0,0,0,0
61.09948314,1739610,32215,934264,16108,0,0,0,0
61.5788083,1831030,33908,983390,16955,0,0,0,0
53.40919892,1469718,27217,789322,13609,0,0,0,0
53.62023156,1494394,27674,802554,13837,0,0,0,0
58.40435866,1632528,30232,876728,15116,0,0,0,0
57.45183082,1813048,33575,973472,16784,0,0,0,0
58.81912164,1737234,32171,932988,16086,0,0,0,0
59.81105595,1772494,32824,952252,16418,0,0,0,0
59.09787926,1744956,32314,937222,16159,0,0,0,0
59.56550104,1961008,36315,1053512,18164,0,0,0,0
58.9484864,1859220,34430,998296,17212,0,0,0,0
60.54161105,1884436,34897,1013036,17466,0,0,0,0
61.33811233,2020194,37411,1085180,18710,0,0,0,0
57.89004038,1762918,32646,946650,16321,0,0,0,0
62.21888344,1903824,35256,1023932,17654,0,0,0,0
62.53609876,1805920,33443,970000,16724,0,0,0,0
61.70489015,1918836,35534,1032516,17802,0,0,0,0
65.38624908,1958038,36260,1051482,18129,0,0,0,0
65.74305677,2008692,37198,1078858,18601,0,0,0,0
54.78068031,1784038,33038,958094,16519,0,0,0,0
54.43200778,1830222,33893,981824,16928,0,0,0,0
64.78766962,2118364,39229,1137380,19610,0,0,0,0
59.93903882,1809702,33513,971566,16751,0,0,0,0
62.62798043,1887352,34951,1014014,17483,0,0,0,0
62.85728109,1818180,33670,975850,16825,0,0,0,0
65.09767238,1968298,36450,1056992,18224,0,0,0,0
62.40518828,1572912,29128,844546,14561,0,0,0,0
60.87033964,1774222,32856,953810,16445,0,0,0,0
63.50463765,1957122,36243,1050844,18118,0,0,0,0
70.71605408,2126788,39385,1144746,19737,0,0,0,0
63.64357868,1894212,35078,1017270,17539,0,0,0,0
59.53119537,1858624,34419,998122,17209,0,0,0,0
57.88031458,1785780,33070,959030,16535,0,0,0,0
69.0379522,2283172,42281,1226128,21140,0,0,0,0
55.20438118,1903014,35241,1022134,17623,0,0,0,0
58.98112644,2062906,38202,1107800,19100,0,0,0,0
66.85883665,2037150,37725,1092836,18842,0,0,0,0
65.5144155,1978342,36636,1062684,18322,0,0,0,0
58.36613606,1817424,33656,976024,16828,0,0,0,0
64.46159284,2051566,37992,1101826,18997,0,0,0,0
59.06953833,1857384,34396,997484,17198,0,0,0,0
61.86898462,1958470,36268,1051722,18133,0,0,0,0
64.31784281,2000484,37046,1074334,18523,0,0,0,0
59.43165696,1925638,35660,1034256,17832,0,0,0,0
63.8314228,1863712,34510,1000926,17256,0,0,0,0
57.28631216,1655748,30320,890001,15315,0,0,0,0
62.19780278,2521832,36461,1055732,18178,0,0,0,0
52.28653643,2105394,30005,867828,14950,0,0,0,0
58.3972073,2445000,33647,975142,16799,0,0,0,0
59.65997756,2452284,33792,981796,16882,0,0,0,0
59.03825614,2444090,31736,920706,15845,0,0,0,0
63.59150903,2367384,29802,866504,14904,0,0,0,0
66.81372363,1915218,32125,932372,16066,0,0,0,0
65.45153399,2092824,38756,1123982,19379,0,0,0,0
62.47299397,2069224,38319,1111106,19157,0,0,0,0
68.11591481,2197422,40693,1177052,20294,0,0,0,0
61.88147142,2102866,38942,1129732,19478,0,0,0,0
64.19619156,2070954,38351,1112150,19175,0,0,0,0
62.29310767,1960738,36310,1052990,18155,0,0,0,0
61.07427978,1864416,34526,1001308,17264,0,0,0,0
64.14889992,2106106,39002,1131058,19501,0,0,0,0
57.57270684,1800468,33342,966918,16671,0,0,0,0
63.03973639,1963924,36369,1054730,18185,0,0,0,0
66.01907951,2027268,37542,1088544,18768,0,0,0,0
65.98522382,1982176,36707,1064474,18353,0,0,0,0
71.91389073,2272589,42082,1220378,21041,0,0,0,0
56.80361551,1832109,33925,983796,16962,0,0,0,0
66.14777376,2106527,39007,1131158,19503,0,0,0,0
62.62286913,2013711,37288,1081236,18642,0,0,0,0
61.97241503,2063124,38206,1107974,19103,0,0,0,0
64.10804719,2110210,39078,1133262,19539,0,0,0,0
64.58241548,2035098,37687,1093822,18859,0,0,0,0
54.75907021,1842640,34123,989886,17067,0,0,0,0
66.33139368,2173824,40256,1167598,20131,0,0,0,0
60.25774867,1918132,35521,1030080,17760,0,0,0,0
57.9824288,1966896,36424,1056586,18217,0,0,0,0
66.88131926,1958578,36270,1051888,18136,0,0,0,0
64.69073053,2083356,38580,1118910,19291,0,0,0,0
61.85069618,2055886,38072,1105306,19057,0,0,0,0
67.08197763,2101086,38909,1128738,19461,0,0,0,0
68.17814648,2082454,38564,1119284,19298,0,0,0,0
59.975386,1813632,33586,973978,16793,0,0,0,0
63.58442951,1869856,34627,1004270,17315,0,0,0,0
58.89834019,1592190,29485,855094,14743,0,0,0,0
55.14257407,1636630,30308,878990,15155,0,0,0,0
61.14206506,1749006,32389,939252,16194,0,0,0,0
65.98482955,1981150,36688,1063952,18344,0,0,0,0
64.81236096,1963602,36363,1054382,18179,0,0,0,0
63.98837319,1841452,34101,988900,17050,0,0,0,0
56.86265491,1703837,31494,917553,15750,0,0,0,0
56.39586379,1785832,33071,956536,16492,0,0,0,0
61.46193851,1683396,31174,907816,15652,0,0,0,0
57.28673483,1484944,27499,797442,13749,0,0,0,0
62.60228342,1750194,32411,939798,16203,0,0,0,0
58.51805906,1895218,35096,1029408,17748,0,0,0,0
51.41500792,1574586,29159,853412,14714,0,0,0,0
50.46916021,1389742,25736,751100,12950,0,0,0,0
62.26158841,1824768,33792,979992,16896,0,0,0,0
60.31418485,1960198,36300,1052120,18140,0,0,0,0
57.854322,1809106,33502,971152,16744,0,0,0,0
58.8725518,1732158,32077,930378,16041,0,0,0,0
59.70855487,1976020,36593,1061250,18297,0,0,0,0
62.00650899,1954800,36200,1049800,18100,0,0,0,0
52.49927291,1524634,28234,818786,14117,0,0,0,0
49.67104096,1150254,21301,616192,10624,0,0,0,0
56.9456409,1590082,29446,854016,14724,0,0,0,0
59.02075106,1815642,33623,975270,16815,0,0,0,0
53.80385474,1472452,27267,789868,13618,0,0,0,0
46.68132778,1004832,18608,552044,9518,0,0,0,0
44.13921715,975022,18056,531048,9156,0,0,0,0
44.67176754,1024056,18964,550014,9483,0,0,0,0
45.59045819,961792,17811,516432,8904,0,0,0,0
34.21986174,975132,18058,523682,9029,0,0,0,0
60.34088591,1671622,30956,897666,15477,0,0,0,0
47.47965536,1295352,23988,695710,11995,0,0,0,0
59.32359789,1602826,29682,860720,14840,0,0,0,0
58.66120931,1729350,32025,928696,16012,0,0,0,0
61.86892836,1681504,31139,902654,15563,0,0,0,0
66.22607838,1899126,35169,1019872,17584,0,0,0,0
64.27636578,1819690,33698,977242,16849,0,0,0,0
55.86186159,1739772,32218,934380,16110,0,0,0,0
54.01351866,1455730,26958,781666,13477,0,0,0,0
58.5375904,1851228,34282,994178,17141,0,0,0,0
63.03515041,2032666,37642,1091618,18821,0,0,0,0
69.45982636,2031804,37626,1091966,18827,0,0,0,0
46.92370526,1249234,23134,669436,11542,0,0,0,0
55.79820455,1457028,26982,782536,13492,0,0,0,0
42.1085995,1161106,21502,623558,10751,0,0,0,0
46.52076745,1269000,23500,681500,11750,0,0,0,0
54.30271647,1419430,26286,762220,13142,0,0,0,0
50.33917489,1383912,25628,742400,12800,0,0,0,0
66.3340266,1961494,36324,1053222,18159,0,0,0,0
60.68022778,1742958,32277,936062,16139,0,0,0,0
63.43969459,1784104,33039,958334,16523,0,0,0,0
56.7304757,1445148,26762,776098,13381,0,0,0,0
50.44822762,1455838,26960,782072,13484,0,0,0,0
47.21096026,1299240,24060,697740,12030,0,0,0,0
40.36521597,983716,18217,528264,9108,0,0,0,0
54.92832736,1487970,27555,799514,13785,0,0,0,0
58.27090523,1780648,32975,956246,16487,0,0,0,0
60.00721603,1950138,36113,1046816,18048,0,0,0,0
62.67381366,1972888,36535,1059428,18266,0,0,0,0
60.15465099,1989576,36844,1068070,18415,0,0,0,0
63.24044602,1879859,34757,1008373,17376,0,0,0,0
65.13606039,2091224,38224,1109971,19122,0,0,0,0
64.90767828,2204000,31191,909114,15641,0,0,0,0
63.750764,2358454,35825,1040134,17919,0,0,0,0
64.38231438,2308716,35643,1031480,17772,0,0,0,0
57.36228693,2083406,36560,1064268,18346,0,0,0,0
54.19771283,1478680,27383,800400,13800,0,0,0,0
61.36697014,1875366,34729,1011114,17433,0,0,0,0
67.56498176,2057614,38104,1105190,19055,0,0,0,0
55.04683839,1747332,32358,938846,16187,0,0,0,0
63.47616554,1914892,35461,1028340,17730,0,0,0,0
49.31726139,1167892,21576,2065684,10820,0,0,0,0
47.88612936,1228735,22745,659832,11372,0,0,0,0
56.31883013,1611738,29847,865534,14923,0,0,0,0
59.87435008,2105458,38990,1130784,19496,0,0,0,0
56.34918837,1614330,29895,866926,14947,0,0,0,0
60.34682874,2031814,37626,1095628,18890,0,0,0,0
62.1884241,1902322,35228,1015762,17513,0,0,0,0
62.36310031,1785132,33058,958930,16533,0,0,0,0
50.53534903,1330612,24641,714444,12318,0,0,0,0
63.54397819,1888542,34973,1014246,17487,0,0,0,0
60.42358823,1865536,34547,1001950,17275,0,0,0,0
58.24371408,1796040,33260,964614,16631,0,0,0,0
57.12495341,1569382,29052,842528,14517,0,0,0,0
56.80283957,1762182,32633,950794,16393,0,0,0,0
55.02148747,1589488,29435,853992,14724,0,0,0,0
42.831982,1017780,18838,543977,9370,0,0,0,0
57.09186391,1751596,32437,940656,16218,0,0,0,0
54.56791002,1488510,27565,800690,13805,0,0,0,0
65.11581865,1951342,36136,1047306,18057,0,0,0,0
55.81898599,1966391,36405,1056689,18210,0,0,0,0
58.59306799,1627234,30134,874002,15069,0,0,0,0
54.82873099,1599750,29625,859154,14813,0,0,0,0
55.19659894,1852900,34313,994932,17154,0,0,0,0
63.02652946,1586616,29372,852413,14688,0,0,0,0
65.44732101,2080456,38527,1118298,19281,0,0,0,0
56.22278253,1812726,33569,973472,16784,0,0,0,0
63.55269916,1941136,35947,1042492,17974,0,0,0,0
62.41608421,1726542,31973,926442,15973,0,0,0,0
57.78069948,1698256,31449,915944,15792,0,0,0,0
56.55305052,1655423,30653,888908,15326,0,0,0,0
56.10771173,1804623,33416,969006,16707,0,0,0,0
65.47048481,2066471,38265,1109490,19129,0,0,0,0
61.87628216,1936545,35859,1040056,17932,0,0,0,0
60.73252205,1774926,32869,953810,16445,0,0,0,0
58.79201403,1676291,31032,900462,15516,0,0,0,0
49.37895098,1444824,26756,778136,13416,0,0,0,0
48.30194368,1126546,20862,603432,10404,0,0,0,0
52.65663128,1543752,28588,832880,14360,0,0,0,0
60.63678754,1727890,31998,927536,15992,0,0,0,0
57.115209,1684974,31203,904990,15603,0,0,0,0
57.5090575,1710826,31682,918662,15839,0,0,0,0
62.56542702,1765746,32699,948242,16349,0,0,0,0
64.75011707,2003020,37093,1075204,18538,0,0,0,0
65.38000359,1977264,36616,1061872,18308,0,0,0,0
65.81114968,1971700,36513,1059138,18261,0,0,0,0
63.97229942,1881090,34835,1010476,17422,0,0,0,0
65.60228866,2119282,39246,1137380,19610,0,0,0,0
68.22130894,2100006,38889,1127760,19444,0,0,0,0
66.61582673,2181004,40389,1171252,20194,0,0,0,0
64.39687191,2048274,37931,1100028,18966,0,0,0,0
64.07943674,1923964,35629,1033162,17813,0,0,0,0
61.36022382,2019816,37404,1084890,18705,0,0,0,0
62.3935269,2010364,37229,1079902,18619,0,0,0,0
60.48798874,2063340,38210,1108090,19105,0,0,0,0
60.11625315,1796902,33276,965650,16649,0,0,0,0
58.79860337,1923858,35627,1033212,17814,0,0,0,0
62.20223692,2038012,37741,1094518,18871,0,0,0,0
63.47577575,1995138,36947,1071500,18474,0,0,0,0
60.51405687,1880440,34823,1009838,17411,0,0,0,0
60.05975577,1823598,33768,979214,16883,0,0,0,0
60.87086497,1814452,33601,975560,16820,0,0,0,0
58.7654143,1697922,31443,912580,15734,0,0,0,0
56.9905546,1696300,31413,911470,15715,0,0,0,0
63.35710847,2009932,37221,1079380,18610,0,0,0,0
54.37724837,1545372,28618,826152,14244,0,0,0,0
52.51647066,1456864,26979,783936,13516,0,0,0,0
58.47394114,1596485,29553,858518,14778,0,0,0,0
58.24394667,1290743,23869,2130327,11968,0,0,0,0
58.50019129,1668816,30904,896274,15453,0,0,0,0
57.22445945,1857760,34403,997658,17201,0,0,0,0
61.73881339,1941870,35951,1043900,17977,0,0,0,0
47.2249119,1119202,20726,601062,10363,0,0,0,0
56.74863415,1503924,27850,807832,13928,0,0,0,0
55.79579081,1276072,23631,685154,11813,0,0,0,0
58.4505629,1570372,29071,844318,14538,0,0,0,0
60.63423626,1204948,22285,648182,11146,0,0,0,0
52.5269693,1692482,31331,908829,15646,0,0,0,0
54.76562489,1449695,26838,788236,13563,0,0,0,0
55.66098731,1840752,34088,990234,17073,0,0,0,0
57.20835891,1930336,35747,1041588,17958,0,0,0,0
59.50156299,1738272,32190,932756,16082,0,0,0,0
65.7171142,2135806,39552,1147066,19777,0,0,0,0
58.83002376,1748154,32373,938912,16188,0,0,0,0
62.95638144,1816504,33639,975228,16814,0,0,0,0
62.39207552,1976454,36601,1065170,18365,0,0,0,0
64.17047412,2009446,37212,1079148,18606,0,0,0,0
60.65250065,1918242,35523,1030262,17763,0,0,0,0
65.76177534,2107294,39024,1131704,19512,0,0,0,0
63.8609433,1987686,36809,1067606,18407,0,0,0,0
69.66713091,2074300,38413,1114006,19207,0,0,0,0
63.06152677,2063664,38216,1108280,19108,0,0,0,0
73.06421815,2198894,40720,1180416,20352,0,0,0,0
56.51026065,1823958,33777,979388,16886,0,0,0,0
58.5428847,2370274,43894,1272942,21947,0,0,0,0
61.37403948,1825470,33805,981302,16919,0,0,0,0
61.08927279,1983958,36740,1065402,18369,0,0,0,0
65.47856014,1993518,36917,1070622,18459,0,0,0,0
62.41879986,1877416,34767,1007940,17378,0,0,0,0
56.69762599,1410534,26121,757364,13058,0,0,0,0
59.61647849,1752298,32450,941108,16226,0,0,0,0
58.00804855,2013198,37281,1081252,18642,0,0,0,0
58.24206235,1845394,34174,991054,17087,0,0,0,0
57.19147648,1802898,33387,968252,16694,0,0,0,0
64.51424948,1814128,33595,974226,16797,0,0,0,0
44.05441568,1190160,22040,639102,11019,0,0,0,0
52.33092393,1238272,22931,679760,11720,0,0,0,0
51.06186754,1100088,20372,597516,10302,0,0,0,0
45.25924008,1410964,26129,758582,13079,0,0,0,0
59.41765763,1822554,33751,979736,16892,0,0,0,0
56.38784646,1774384,32859,952882,16429,0,0,0,0
56.27086286,1367766,25329,734570,12665,0,0,0,0
60.6900029,1816396,33637,974284,16798,0,0,0,0
63.04189042,1964574,36381,1055020,18190,0,0,0,0
8.133522949,218518,4046,117366,2023,0,0,0,0
0.501337848,0,0,0,0,0,0,0,0
0.305790055,52,1,0,0,0,0,0,0
0.409812464,0,0,0,0,0,0,0,0
0.575852062,52,1,0,0,0,0,0,0
0.463314222,0,0,0,0,0,0,0,0
0.340232113,52,1,0,0,0,0,0,0
0.505327393,0,0,0,0,0,0,0,0
0.235930741,52,1,0,0,0,0,0,0
0.340024716,52,1,0,0,0,0,0,0
0.584977136,0,0,0,0,0,0,0,0
0.291255481,52,1,0,0,0,0,0,0
0.393132771,0,0,0,0,0,0,0,0
0.499655583,52,1,0,0,0,0,0,0
0.178186301,0,0,0,0,0,0,0,0
0.50797163,52,1,0,0,0,0,0,0
0.392458318,0,0,0,0,0,0,0,0
0.244507803,52,1,0,0,0,0,0,0
0.197634111,0,0,0,0,0,0,0,0
0.471955351,52,1,0,0,0,0,0,0
0.266539219,0,0,0,0,0,0,0,0
0.305027989,52,1,0,0,0,0,0,0
0.624481961,0,0,0,0,0,0,0,0
0.446848039,52,1,0,0,0,0,0,0
0.277267884,0,0,0,0,0,0,0,0
0.640198366,52,1,0,0,0,0,0,0
0.321037456,0,0,0,0,0,0,0,0
0.407420765,52,1,0,0,0,0,0,0
0.70517354,0,0,0,0,0,0,0,0
0.321688098,52,1,0,0,0,0,0,0
1.110145097,0,0,0,0,0,0,0,0
0.697295471,52,1,0,0,0,0,0,0
0.333957905,0,0,0,0,0,0,0,0
0.747519654,52,1,0,0,0,0,0,0
0.34990448,215,1,0,0,0,0,0,0
0.616090552,267,2,0,0,0,0,0,0
0.687897966,215,1,0,0,0,0,0,0
0.377003194,267,2,0,0,0,0,0,0
0.305805318,0,0,0,0,0,0,0,0
0.688163826,52,1,0,0,0,0,0,0
0.381447712,0,0,0,0,0,0,0,0
0.560088857,52,1,0,0,0,0,0,0
0.736886467,0,0,0,0,0,0,0,0
0.409941656,52,1,0,0,0,0,0,0
0.29736497,0,0,0,0,0,0,0,0
0.5302128,52,1,0,0,0,0,0,0
0.232610775,0,0,0,0,0,0,0,0
0.376647528,52,1,0,0,0,0,0,0
0.825897542,0,0,0,0,0,0,0,0
0.245206349,52,1,0,0,0,0,0,0
0.275468079,0,0,0,0,0,0,0,0
0.576236358,52,1,0,0,0,0,0,0
0.285199901,0,0,0,0,0,0,0,0
0.752157646,52,1,0,0,0,0,0,0
0.848215753,0,0,0,0,0,0,0,0
0.264631463,52,1,0,0,0,0,0,0
0.323096909,0,0,0,0,0,0,0,0
38.42329461,76758562,51526,76758510,51525,0,0,0,0
39.04255859,59797896,40140,59730858,40095,0,0,0,0
42.56190586,55091662,36982,55105236,36990,0,0,0,0
41.07052527,68378760,45900,68445798,45945,0,0,0,0
41.59822383,66971014,44956,66908466,44913,0,0,0,0
41.90220707,75484872,50672,75484872,50672,0,0,0,0
41.60810499,64088380,43021,64088750,43021,0,0,0,0
39.4176392,75551826,50715,75484788,50670,0,0,0,0
40.38277251,71596636,48061,71596584,48060,0,0,0,0
40.15948906,70121748,47070,70121748,47070,0,0,0,0
37.96674482,67842508,45541,67775418,45495,0,0,0,0
38.9319017,80311576,53911,80311524,53910,0,0,0,0
41.31841532,81048942,54405,81048942,54405,0,0,0,0
39.99441543,82791982,55576,82791930,55575,0,0,0,0
41.23151956,84400842,56655,84400842,56655,0,0,0,0
41.71635317,89182210,59866,89199904,59876,0,0,0,0
43.55080988,82322664,55260,82357908,55284,0,0,0,0
40.21451131,77898208,52291,77898156,52290,0,0,0,0
40.35767554,83998614,56385,83998614,56385,0,0,0,0
38.8551944,81116032,54451,81048942,54405,0,0,0,0
39.17177648,79104840,53100,79104840,53100,0,0,0,0
40.90355587,74479270,49996,74546256,50040,0,0,0,0
40.15721311,74211066,49815,74211066,49815,0,0,0,0
41.29123713,81317146,54586,81250056,54540,0,0,0,0
44.48594553,82879072,55634,82865024,55624,0,0,0,0
39.48607857,73473700,49321,73473648,49320,0,0,0,0
40.91993809,67507266,45315,67507266,45315,0,0,0,0
39.96214747,66635824,44731,66635772,44730,0,0,0,0
40.50995942,77495928,52020,77495928,52020,0,0,0,0
40.85167253,79467756,53345,79507068,53370,0,0,0,0
40.11509217,70993242,47655,70993242,47655,0,0,0,0
41.51277433,78166360,52471,78166308,52470,0,0,0,0
42.56254601,81234916,54530,81183018,54495,0,0,0,0
47.13628054,73071514,49052,73071462,49051,0,0,0,0
41.76932038,82523778,55395,82590816,55440,0,0,0,0
39.98549009,84311146,56596,84321270,56601,0,0,0,0
40.31668058,76624434,51435,76624434,51435,0,0,0,0
41.01676531,77294866,51886,77238796,51848,0,0,0,0
39.25537808,71998812,48330,72033634,48353,0,0,0,0
40.5318485,71261446,47836,71260972,47834,0,0,0,0
41.86919769,71596584,48060,71535602,48019,0,0,0,0
36.83083612,64248236,43129,64222446,43111,0,0,0,0
41.78027737,81545882,54739,81585246,54765,0,0,0,0
41.17972787,82001574,55046,82054512,55080,0,0,0,0
40.47818155,73808838,49545,73875876,49590,0,0,0,0
43.35691601,85875730,57646,85942716,57690,0,0,0,0
39.67385726,70456938,47295,70456938,47295,0,0,0,0
38.81352946,76557448,51391,76624434,51435,0,0,0,0
41.66937186,79775220,53550,79775220,53550,0,0,0,0
42.76144657,73205548,49141,73205496,49140,0,0,0,0
47.45432271,64624632,43380,64624632,43380,0,0,0,0
42.09005987,86446856,58029,86411982,58005,0,0,0,0
43.27717058,89830920,60300,89830920,60300,0,0,0,0
40.30369764,79775272,53551,79775220,53550,0,0,0,0
42.11515194,72085954,48389,72132466,48419,0,0,0,0
43.99223172,80311576,53911,80311946,53911,0,0,0,0
40.75925509,65160936,43740,65093898,43695,0,0,0,0
43.81963594,88222060,59221,88154970,59175,0,0,0,0
43.46689094,69049140,46350,69049140,46350,0,0,0,0
41.78567532,81069098,54420,81115980,54450,0,0,0,0
44.11157314,91976136,61740,91976136,61740,0,0,0,0
39.91424224,76289338,51212,76222248,51166,0,0,0,0
42.38237933,83529348,56070,83580824,56104,0,0,0,0
44.18576566,85875730,57646,85808640,57600,0,0,0,0
39.7001651,75887016,50940,75819978,50895,0,0,0,0
46.02707417,78970816,53011,79037802,53055,0,0,0,0
40.94148339,88154970,59175,88222008,59220,0,0,0,0
40.12013283,79849880,53601,79909296,53640,0,0,0,0
41.43221037,68177646,45765,68177646,45765,0,0,0,0
40.82302497,81719464,54857,81652374,54811,0,0,0,0
41.40525944,86747172,58230,86680134,58185,0,0,0,0
42.03040832,90993750,61082,91037604,61110,0,0,0,0
42.45932387,73607724,49410,73607724,49410,0,0,0,0
43.1219038,75551878,50716,75617350,50759,0,0,0,0
43.92421475,76557448,51391,76557396,51390,0,0,0,0
43.54950753,75216636,50490,75283674,50535,0,0,0,0
44.01803311,93900608,63033,93920238,63045,0,0,0,0
43.02468556,79574148,53416,79574148,53416,0,0,0,0
44.19018282,83596438,56116,83596386,56115,0,0,0,0
45.3020993,84534918,56745,84533404,56744,0,0,0,0
41.61215582,81719374,54856,81719322,54855,0,0,0,0
41.73990823,82926006,55665,82927942,55667,0,0,0,0
44.01612434,85473502,57376,85540488,57420,0,0,0,0
45.57918239,77026662,51705,77026662,51705,0,0,0,0
42.46614425,81183070,54496,81195130,54503,0,0,0,0
44.42780387,73339572,49230,73339572,49230,0,0,0,0
40.26424792,82322716,55261,82322664,55260,0,0,0,0
42.17211962,82121550,55125,82121550,55125,0,0,0,0
43.8360135,88557250,59446,88557198,59445,0,0,0,0
40.25731387,85674606,57511,85741644,57556,0,0,0,0
42.68713294,80780842,54226,80780790,54225,0,0,0,0
44.86754024,67976532,45630,67909494,45585,0,0,0,0
42.53494986,73406662,49276,73339572,49230,0,0,0,0
38.12979613,69717584,46798,69652482,46755,0,0,0,0
34.97820724,53027110,35596,53036142,35601,0,0,0,0
36.19278106,58792541,39466,58792748,39466,0,0,0,0
41.42653363,70122015,47072,70121748,47070,0,0,0,0
41.33659913,78233561,52516,78166308,52470,0,0,0,0
41.37193714,73071687,49052,73071420,49050,0,0,0,0
40.66132833,71529546,48015,71513984,48004,0,0,0,0
38.2322776,66844508,44871,66903924,44910,0,0,0,0
39.77903556,79305954,53235,79305954,53235,0,0,0,0
38.9232975,80272212,53885,80311524,53910,0,0,0,0
40.19870231,77093700,51750,77026662,51705,0,0,0,0
35.18839888,68043622,45676,68110608,45720,0,0,0,0
38.3310237,52557792,35280,52557370,35279,0,0,0,0
41.18674263,56580124,37981,56580072,37980,0,0,0,0
32.43636271,62413892,41896,62412378,41895,0,0,0,0
37.34424747,55306402,37126,55306350,37125,0,0,0,0
30.30730512,48133284,32310,48152966,32323,0,0,0,0
38.07045348,69786610,46846,69853596,46890,0,0,0,0
37.82529991,74680332,50130,74613294,50085,0,0,0,0
46.23969299,60496002,40610,60535314,40635,0,0,0,0
35.92979054,60937542,40905,60937542,40905,0,0,0,0
41.38594716,75820072,50897,75820020,50896,0,0,0,0
39.36793919,85942716,57690,85875678,57645,0,0,0,0
45.16669079,69719572,46801,69786558,46845,0,0,0,0
43.8417034,74546256,50040,74546256,50040,0,0,0,0
40.04540717,81786454,54902,81786402,54901,0,0,0,0
36.56942752,72468078,48645,72535116,48690,0,0,0,0
15.30941571,22323706,14986,22323654,14985,0,0,0,0
1.463193937,0,0,0,0,0,0,0,0
0.13593654,52,1,0,0,0,0,0,0
0.956870543,0,0,0,0,0,0,0,0
1.046824134,52,1,0,0,0,0,0,0
0.150091135,0,0,0,0,0,0,0,0
0.240096728,52,1,0,0,0,0,0,0
1.51777029,0,0,0,0,0,0,0,0
1.038419316,52,1,0,0,0,0,0,0
0.138842426,0,0,0,0,0,0,0,0
0.559122998,52,1,0,0,0,0,0,0
0.634115547,0,0,0,0,0,0,0,0
0.162016936,52,1,0,0,0,0,0,0
1.273796246,0,0,0,0,0,0,0,0
0.919562494,52,1,0,0,0,0,0,0
0.150065934,0,0,0,0,0,0,0,0
1.402842785,52,1,0,0,0,0,0,0
1.565940026,0,0,0,0,0,0,0,0
0.16041686,52,1,0,0,0,0,0,0
0.900159584,52,1,0,0,0,0,0,0
0.943943656,0,0,0,0,0,0,0,0
0.268717099,52,1,0,0,0,0,0,0
0.730735664,0,0,0,0,0,0,0,0
1.140091778,52,1,0,0,0,0,0,0
0.147233006,0,0,0,0,0,0,0,0
1.086649894,52,1,0,0,0,0,0,0
0.517098786,0,0,0,0,0,0,0,0
0.16902768,52,1,0,0,0,0,0,0
1.740326686,0,0,0,0,0,0,0,0
1.18833551,52,1,0,0,0,0,0,0
0.151686715,0,0,0,0,0,0,0,0
0.824411136,52,1,0,0,0,0,0,0
0.954643625,0,0,0,0,0,0,0,0
0.299221591,52,1,0,0,0,0,0,0
0.756170168,0,0,0,0,0,0,0,0
2.136634403,52,1,0,0,0,0,0,0
0.13860164,0,0,0,0,0,0,0,0
1.048962483,52,1,0,0,0,0,0,0
1.049279998,0,0,0,0,0,0,0,0
0.240994319,52,1,0,0,0,0,0,0
1.518327919,0,0,0,0,0,0,0,0
1.039936185,52,1,0,0,0,0,0,0
0.149230376,0,0,0,0,0,0,0,0
1.038140021,52,1,0,0,0,0,0,0
0.943136997,0,0,0,0,0,0,0,0
0.132260292,52,1,0,0,0,0,0,0
1.877853396,0,0,0,0,0,0,0,0
0.593794229,52,1,0,0,0,0,0,0
0.46250564,0,0,0,0,0,0,0,0
0.505081765,52,1,0,0,0,0,0,0
2.102305294,0,0,0,0,0,0,0,0
0.56978852,52,1,0,0,0,0,0,0
1.456468699,0,0,0,0,0,0,0,0
1.259278582,52,1,0,0,0,0,0,0
1.234999992,3383,14,5188,9,0,0,0,0
1.428103505,52,1,0,0,0,0,0,0
1.795102114,0,0,0,0,0,0,0,0
0.375589764,52,1,0,0,0,0,0,0
0.860814995,0,0,0,0,0,0,0,0
1.043582602,184,3,132,2,0,0,0,0
0.495257512,0,0,0,0,0,0,0,0
0.611264541,52,1,0,0,0,0,0,0
1.814851416,0,0,0,0,0,0,0,0
0.730911633,52,1,0,0,0,0,0,0
1.661610153,0,0,0,0,0,0,0,0
0.915359669,184,3,132,2,0,0,0,0
0.547263852,0,0,0,0,0,0,0,0
1.075466652,52,1,0,0,0,0,0,0
1.478245796,0,0,0,0,0,0,0,0
0.447298343,52,1,0,0,0,0,0,0
19.71762579,27150390,18225,27083352,18180,0,0,0,0
41.89014313,81128144,54459,81115980,54450,0,0,0,0
38.36156922,77428890,51975,77361852,51930,0,0,0,0
40.14536712,70054762,47026,70104672,47058,0,0,0,0
44.64954683,83328234,55935,83328234,55935,0,0,0,0
41.83221536,89696896,60211,89696844,60210,0,0,0,0
43.6955109,68848026,46215,68848026,46215,0,0,0,0
46.61144889,74613346,50086,74613294,50085,0,0,0,0
48.15627875,76222206,51165,76161224,51124,0,0,0,0
40.24103541,78903778,52966,78892706,52957,0,0,0,0
44.16011867,82858968,55620,82871502,55629,0,0,0,0
42.72540721,85473502,57376,85540488,57420,0,0,0,0
40.59788091,82926048,55666,82926048,55666,0,0,0,0
42.17260581,92780644,62281,92713554,62235,0,0,0,0
42.53725908,83328286,55936,83328234,55935,0,0,0,0
43.82140875,93518010,62775,93518010,62775,0,0,0,0
41.82264925,66836938,44866,66836886,44865,0,0,0,0
40.52958651,71663622,48105,71663622,48105,0,0,0,0
44.83838393,79171930,53146,79238916,53190,0,0,0,0
40.90032689,79214270,53173,79229832,53184,0,0,0,0
41.75717515,82322716,55261,82338226,55271,0,0,0,0
40.27348569,82724892,55530,82791930,55575,0,0,0,0
41.49512049,78970816,53011,78903726,52965,0,0,0,0
42.55230605,82188803,55171,82255626,55215,0,0,0,0
41.85840622,85540755,57422,85473450,57375,0,0,0,0
46.33356886,82054727,55081,82054512,55080,0,0,0,0
42.01524379,86219127,57878,86277906,57915,0,0,0,0
41.86160792,74412222,49951,74479260,49996,0,0,0,0
41.61913249,72669244,48781,72602154,48735,0,0,0,0
43.86166137,88563254,59449,88557198,59445,0,0,0,0
42.24525902,81987526,55036,82054512,55080,0,0,0,0
40.50844336,79775220,53550,79708182,53505,0,0,0,0
43.79054087,82456792,55351,82415440,55322,0,0,0,0
41.6005978,79976334,53685,79976334,53685,0,0,0,0
45.16814428,72937396,48961,72937344,48960,0,0,0,0
43.13822174,82322664,55260,82322664,55260,0,0,0,0
42.55442469,72210576,48473,72199926,48465,0,0,0,0
45.38225565,79037802,53055,79054456,53066,0,0,0,0
40.29941975,87752794,58906,87819780,58950,0,0,0,0
41.00873424,81719322,54855,81652284,54810,0,0,0,0
42.30882447,89763934,60256,89763460,60254,0,0,0,0
41.51207528,82859010,55621,82892740,55644,0,0,0,0
41.93185358,96065506,64486,96065454,64485,0,0,0,0
44.83947693,80043372,53730,80043372,53730,0,0,0,0
42.16502619,85875730,57646,85942716,57690,0,0,0,0
43.91217273,82456740,55350,82389702,55305,0,0,0,0
41.87206533,84803122,56926,84798106,56921,0,0,0,0
41.30897699,80981904,54360,80986868,54364,0,0,0,0
41.5752579,91909150,61696,91973108,61738,0,0,0,0
49.63726268,68915064,46260,68915064,46260,0,0,0,0
42.31759332,77264164,51865,77227776,51840,0,0,0,0
39.81943569,73205496,49140,73272534,49185,0,0,0,0
40.69792053,70859218,47566,70792128,47520,0,0,0,0
39.22394385,74345142,49905,74403096,49944,0,0,0,0
44.65037803,71328484,47881,71395470,47925,0,0,0,0
43.58245932,92244288,61920,92244288,61920,0,0,0,0
42.9554645,86412034,58006,86344944,57960,0,0,0,0
41.5698861,87350514,58635,87350514,58635,0,0,0,0
43.45742867,83127172,55801,83060082,55755,0,0,0,0
41.25030491,86546058,58095,86503244,58066,0,0,0,0
41.13755437,86412034,58006,86411982,58005,0,0,0,0
39.5840983,78568536,52740,78568536,52740,0,0,0,0
41.0530949,82859020,55621,82858968,55620,0,0,0,0
43.61733797,79104882,53101,79104882,53101,0,0,0,0
44.58173265,75149650,50446,75082560,50400,0,0,0,0
45.72042098,71529546,48015,71529546,48015,0,0,0,0
42.23767278,73004434,49006,73071420,49050,0,0,0,0
43.09538841,86076792,57780,86143830,57825,0,0,0,0
44.02874568,74077042,49726,74009952,49680,0,0,0,0
42.30401711,77227818,51841,77294856,51886,0,0,0,0
43.18086301,66971014,44956,67038000,45000,0,0,0,0
42.29996667,90032034,60435,90032034,60435,0,0,0,0
40.24798641,77986442,52350,77965194,52335,0,0,0,0
39.20881768,78166308,52470,78170850,52473,0,0,0,0
41.66111308,84669046,56836,84693640,56852,0,0,0,0
40.24971959,87551628,58770,87551206,58769,0,0,0,0
44.50631374,78300436,52561,78233346,52515,0,0,0,0
43.49558336,79624120,53449,79641144,53460,0,0,0,0
42.82426935,86411982,58005,86453282,58033,0,0,0,0
45.87840003,77764132,52201,77764502,52201,0,0,0,0
44.58324018,84199728,56520,84200150,56521,0,0,0,0
48.11004569,75954106,50986,75888530,50941,0,0,0,0
42.73166697,77562966,52065,77562966,52065,0,0,0,0
42.85218863,77563018,52066,77495928,52020,0,0,0,0
38.52930141,78974214,53013,79037872,53056,0,0,0,0
42.75262275,82121602,55126,82121550,55125,0,0,0,0
44.07535644,84534918,56745,84510694,56729,0,0,0,0
41.54829195,89227630,59896,89227578,59895,0,0,0,0
41.73460678,82724892,55530,82657854,55485,0,0,0,0
42.61495774,73875928,49591,73942914,49635,0,0,0,0
41.02076957,85942716,57690,86009754,57735,0,0,0,0
40.87595701,87149452,58501,87082362,58455,0,0,0,0
44.52345252,79372992,53280,79372992,53280,0,0,0,0
42.02452569,83663476,56161,83663424,56160,0,0,0,0
40.79960683,78501498,52695,78501498,52695,0,0,0,0
41.60502209,85942768,57691,86009332,57734,0,0,0,0
40.88945363,78233346,52515,78233346,52515,0,0,0,0
42.42284809,86881342,58322,86814674,58277,0,0,0,0
41.57786967,79653256,53468,79641144,53460,0,0,0,0
44.94895748,80579770,54092,80512680,54046,0,0,0,0
41.4183471,86814210,58275,86747172,58230,0,0,0,0
41.51491859,87082414,58456,87082362,58455,0,0,0,0
41.14179498,81451170,54675,81384132,54630,0,0,0,0
40.56884169,78903778,52966,78970764,53010,0,0,0,0
41.6378323,82121550,55125,82188588,55170,0,0,0,0
41.05112407,86143882,57826,86210446,57869,0,0,0,0
42.16040463,77495928,52020,77428890,51975,0,0,0,0
42.09069252,81048994,54406,81048942,54405,0,0,0,0
47.38034743,69920634,46935,69987672,46980,0,0,0,0
42.14539329,87082414,58456,87015324,58410,0,0,0,0
43.08249031,84601956,56790,84668994,56835,0,0,0,0
47.57118653,75082612,50401,75142028,50440,0,0,0,0
42.69557816,89629806,60165,89629384,60164,0,0,0,0
40.97940153,88289098,59266,88289046,59265,0,0,0,0
42.6940319,92579478,62145,92579478,62145,0,0,0,0
44.16797971,70926256,47611,70926204,47610,0,0,0,0
42.45645277,90635376,60840,90568338,60795,0,0,0,0
42.56907354,86210920,57871,86143830,57825,0,0,0,0
37.15956904,71730875,48151,71730660,48150,0,0,0,0
41.43982189,60468543,40592,60468276,40590,0,0,0,0
42.03605063,71462723,47971,71529546,48015,0,0,0,0
40.702643,81585677,54769,81585246,54765,0,0,0,0
43.23684479,64978576,43620,64959822,43605,0,0,0,0
40.79122405,68244736,45811,68244684,45810,0,0,0,0
36.92592148,44848586,30107,44781384,30060,0,0,0,0
35.05034592,45049588,30241,45049536,30240,0,0,0,0
30.48179637,61607922,41355,61674960,41400,0,0,0,0
32.23788891,60803518,40816,60845858,40843,0,0,0,0
35.79837517,46725528,31366,46725528,31366,0,0,0,0
37.78020554,66568786,44686,66568734,44685,0,0,0,0
41.62538324,62345340,41850,62278302,41805,0,0,0,0
40.95824745,56915314,38206,56982300,38250,0,0,0,0
27.51579764,43306638,29071,43306638,29071,0,0,0,0
30.13762038,42166954,28306,42099864,28260,0,0,0,0
35.62174511,39954648,26820,39887610,26775,0,0,0,0
37.18958532,49004872,32897,49004820,32896,0,0,0,0
31.91335605,64490556,43290,64423518,43245,0,0,0,0
38.60919722,67038052,45001,67075850,45025,0,0,0,0
39.21022713,53628464,35998,53563362,35955,0,0,0,0
33.79566828,63484986,42615,63484986,42615,0,0,0,0
36.31865931,55976782,37576,56043768,37620,0,0,0,0
46.12314592,65630202,44055,65697240,44100,0,0,0,0
42.45619584,72535168,48691,72600640,48734,0,0,0,0
40.5015937,78233346,52515,78233346,52515,0,0,0,0
41.84659629,76222258,51166,76155168,51120,0,0,0,0
44.48388626,79909296,53640,79909296,53640,0,0,0,0
41.9558336,77093752,51751,77088736,51746,0,0,0,0
41.7800769,72334002,48555,72401040,48600,0,0,0,0
45.38043888,78434512,52651,78367422,52605,0,0,0,0
39.72448721,55976730,37575,56043768,37620,0,0,0,0
43.14351542,65123353,43717,65093898,43695,0,0,0,0
44.41508482,70919941,47606,70859166,47565,0,0,0,0
44.34095503,81300707,54576,81251570,54541,0,0,0,0
42.44267277,77429269,51978,77428890,51975,0,0,0,0
39.65279749,76289882,51214,76356282,51255,0,0,0,0
42.87300487,88825350,59625,88825350,59625,0,0,0,0
41.66352681,88073008,59123,88087932,59130,0,0,0,0
46.75010503,80914866,54315,80873988,54288,0,0,0,0
43.15394442,88020946,59086,88020472,59084,0,0,0,0
40.64392198,78501498,52695,78568536,52740,0,0,0,0
42.41826153,75216730,50492,75216678,50491,0,0,0,0
40.09433495,78166308,52470,78189018,52485,0,0,0,0
42.17191256,78652280,52797,78635574,52785,0,0,0,0
43.34350583,81451170,54675,81451170,54675,0,0,0,0
43.06752502,77294866,51886,77294814,51885,0,0,0,0
41.87217623,67842456,45540,67842456,45540,0,0,0,0
42.50210244,82859020,55621,82858968,55620,0,0,0,0
40.18474777,79171878,53145,79171878,53145,0,0,0,0
44.99658813,88932226,59698,88959426,59715,0,0,0,0
40.06047904,83328234,55935,83328234,55935,0,0,0,0
42.69912998,78300436,52561,78300384,52560,0,0,0,0
41.49382023,85875678,57645,85808640,57600,0,0,0,0
42.11956076,86535132,58089,86533988,58088,0,0,0,0
42.9682916,83549030,56083,83529348,56070,0,0,0,0
46.46185988,76274156,51201,76222206,51165,0,0,0,0
41.62960953,77697042,52155,77697042,52155,0,0,0,0
43.5792664,78423914,52644,78434460,52650,0,0,0,0
45.57555255,83127120,55800,83060082,55755,0,0,0,0
37.52971974,76155220,51121,76155168,51120,0,0,0,0
42.05686879,81250056,54540,81183018,54495,0,0,0,0
41.65760727,80646766,54136,80646714,54135,0,0,0,0
41.66589051,75551826,50715,75551826,50715,0,0,0,0
42.66393482,66836938,44866,66836886,44865,0,0,0,0
42.24147637,74009952,49680,74076990,49725,0,0,0,0
39.17373285,76758562,51526,76691472,51480,0,0,0,0
41.20257776,73741800,49500,73741800,49500,0,0,0,0
39.35255852,69451420,46621,69384330,46575,0,0,0,0
42.16252606,79909296,53640,79909296,53640,0,0,0,0
39.89784412,77806946,52230,77831118,52245,0,0,0,0
40.58716324,75618864,50760,75585134,50737,0,0,0,0
43.05575768,73071472,49051,73074870,49053,0,0,0,0
40.50410014,75786670,50873,75752940,50850,0,0,0,0
38.04131804,57652774,38702,57585684,38656,0,0,0,0
41.26782058,73942914,49635,73944428,49636,0,0,0,0
39.48749198,63820228,42841,63887214,42885,0,0,0,0
32.84021671,55105236,36990,55105236,36990,0,0,0,0
39.03995168,53027110,35596,53094096,35640,0,0,0,0
38.67630627,55641540,37350,55641540,37350,0,0,0,0
42.25819414,53094148,35641,53094096,35640,0,0,0,0
36.27771445,83194210,55846,83194158,55845,0,0,0,0
28.82873111,42837282,28755,42837282,28755,0,0,0,0
0.397337327,52,1,0,0,0,0,0,0
1.760272662,0,0,0,0,0,0,0,0
0.36020068,232,2,0,0,0,0,0,0
0.749190089,0,0,0,0,0,0,0,0
1.153207682,52,1,0,0,0,0,0,0
0.34780904,0,0,0,0,0,0,0,0
1.310252844,52,1,0,0,0,0,0,0
0.546859875,0,0,0,0,0,0,0,0
0.275155393,52,1,0,0,0,0,0,0
1.215896863,0,0,0,0,0,0,0,0
1.173813504,52,1,0,0,0,0,0,0
0.349087521,0,0,0,0,0,0,0,0
0.532651491,52,1,0,0,0,0,0,0
1.045755239,0,0,0,0,0,0,0,0
0.369704123,52,1,0,0,0,0,0,0
1.230708032,0,0,0,0,0,0,0,0
1.505868259,52,1,0,0,0,0,0,0
0.365842111,0,0,0,0,0,0,0,0
0.69581281,52,1,0,0,0,0,0,0
1.827477667,0,0,0,0,0,0,0,0
0.707025084,52,1,0,0,0,0,0,0
1.196553374,0,0,0,0,0,0,0,0
1.544424484,52,1,0,0,0,0,0,0
0.422863779,0,0,0,0,0,0,0,0
0.675701739,52,1,0,0,0,0,0,0
0.667008894,0,0,0,0,0,0,0,0
0.531953308,52,1,0,0,0,0,0,0
1.663406891,0,0,0,0,0,0,0,0
1.544568909,52,1,0,0,0,0,0,0
0.529895899,0,0,0,0,0,0,0,0
0.868650955,52,1,0,0,0,0,0,0
0.7168699,0,0,0,0,0,0,0,0
0.371354175,52,1,0,0,0,0,0,0
0.951620903,0,0,0,0,0,0,0,0
1.01685918,52,1,0,0,0,0,0,0
0.173450906,0,0,0,0,0,0,0,0
0.833058912,52,1,0,0,0,0,0,0
2.124353621,0,0,0,0,0,0,0,0
0.210190524,52,1,0,0,0,0,0,0
1.23552282,0,0,0,0,0,0,0,0
1.102669399,52,1,0,0,0,0,0,0
0.152921151,0,0,0,0,0,0,0,0
33.93101256,2008258,37190,0,0,0,0,0,0
62.61149392,4689846,86849,0,0,0,0,0,0
56.66053726,4367140,80873,0,0,0,0,0,0
35.32672748,2924262,54153,0,0,0,0,0,0
1.696817377,122,2,0,0,0,0,0,0
0.140866516,42,1,42,1,0,0,0,0
1.370446791,52,1,0,0,0,0,0,0
0.702642493,0,0,0,0,0,0,0,0
0.141716137,52,1,0,0,0,0,0,0
0.878944495,0,0,0,0,0,0,0,0
1.601269126,52,1,0,0,0,0,0,0
0.21991132,0,0,0,0,0,0,0,0
1.258616252,52,1,0,0,0,0,0,0
0.877091988,0,0,0,0,0,0,0,0
0.204813052,52,1,0,0,0,0,0,0
0.879022996,0,0,0,0,0,0,0,0
1.320357418,52,1,0,0,0,0,0,0
0.14731486,0,0,0,0,0,0,0,0
1.950049154,52,1,0,0,0,0,0,0
1.229489103,0,0,0,0,0,0,0,0
0.162403828,52,1,0,0,0,0,0,0
0.27745634,0,0,0,0,0,0,0,0
37.19857835,3101920,57443,0,0,0,0,0,0
63.51491093,5668378,104970,0,0,0,0,0,0
65.74180336,6617916,122554,0,0,0,0,0,0
64.95457175,6448461,119413,0,0,0,0,0,0
67.502108,7014869,129902,0,0,0,0,0,0
65.00975047,6691677,123917,0,0,0,0,0,0
70.89440485,7768763,143863,0,0,0,0,0,0
67.79698154,7241992,134111,0,0,0,0,0,0
63.6638244,7080426,131119,0,0,0,0,0,0
65.67828443,6844444,126749,0,0,0,0,0,0
65.85131858,6388524,118306,0,0,0,0,0,0
65.57406124,6365626,117882,0,0,0,0,0,0
65.89677564,6386688,118272,0,0,0,0,0,0
67.90729488,6900604,127789,0,0,0,0,0,0
66.48508584,6946938,128647,0,0,0,0,0,0
66.27565963,6206650,114938,0,0,0,0,0,0
65.16307888,6689088,123872,0,0,0,0,0,0
68.43147161,7271044,134649,0,0,0,0,0,0
63.35864789,5843016,108204,0,0,0,0,0,0
61.28481862,5829730,107958,0,0,0,0,0,0
62.34004408,5563944,103036,0,0,0,0,0,0
62.50530147,5507620,101993,0,0,0,0,0,0
61.61596275,5471982,101333,0,0,0,0,0,0
63.55059588,6119710,113328,0,0,0,0,0,0
64.43457789,6307254,116801,0,0,0,0,0,0
61.92389447,5322994,98574,0,0,0,0,0,0
59.61095643,5669136,104984,0,0,0,0,0,0
62.4020682,5962570,110418,0,0,0,0,0,0
15.0735243,1452330,26895,0,0,0,0,0,0
0.135367182,52,1,0,0,0,0,0,0
0.731329139,0,0,0,0,0,0,0,0
0.871935201,52,1,0,0,0,0,0,0
0.154635574,0,0,0,0,0,0,0,0
1.565173517,52,1,0,0,0,0,0,0
1.489199351,0,0,0,0,0,0,0,0
0.176153314,52,1,0,0,0,0,0,0
0.688120135,0,0,0,0,0,0,0,0
1.500562095,52,1,0,0,0,0,0,0
0.165563202,0,0,0,0,0,0,0,0
1.512161814,52,1,0,0,0,0,0,0
0.7429611,0,0,0,0,0,0,0,0
0.156752974,52,1,0,0,0,0,0,0
0.719950311,0,0,0,0,0,0,0,0
1.576387399,52,1,0,0,0,0,0,0
0.123313045,0,0,0,0,0,0,0,0
1.472816738,52,1,0,0,0,0,0,0
0.788114069,0,0,0,0,0,0,0,0
0.396023798,52,1,0,0,0,0,0,0
0.505373023,0,0,0,0,0,0,0,0
1.237876822,52,1,0,0,0,0,0,0
0.467027534,0,0,0,0,0,0,0,0
1.492955043,52,1,0,0,0,0,0,0
1.323719391,0,0,0,0,0,0,0,0
0.507462307,52,1,0,0,0,0,0,0
0.876149724,0,0,0,0,0,0,0,0
0.75891372,52,1,0,0,0,0,0,0
0.371185193,0,0,0,0,0,0,0,0
33.79414224,48280834,32080,48280782,32079,0,0,0,0
44.03909714,67649384,44948,67649384,44948,0,0,0,0
39.28037481,68135570,45272,68135518,45271,0,0,0,0
43.46848048,84876332,56394,84868762,56389,0,0,0,0
40.14978503,64144154,42620,64144102,42619,0,0,0,0
39.02362143,69338144,46072,69338144,46072,0,0,0,0
32.28281527,52911900,35157,52911848,35156,0,0,0,0
0.586693089,0,0,0,0,0,0,0,0
0.340631267,52,1,0,0,0,0,0,0
0.615696968,0,0,0,0,0,0,0,0
1.42464159,52,1,0,0,0,0,0,0
0.332082435,0,0,0,0,0,0,0,0
1.255633315,52,1,0,0,0,0,0,0
1.338427332,0,0,0,0,0,0,0,0
15.51396975,14162894,9682,14132120,9660,0,0,0,0
42.73555283,72288918,49414,72288866,49413,0,0,0,0
41.48429548,72436420,49514,72411754,49497,0,0,0,0
41.87897432,72964802,49876,72964750,49875,0,0,0,0
41.31911421,78064602,53361,78064602,53361,0,0,0,0
43.58908382,67957116,46453,67957064,46452,0,0,0,0
18.12411994,27004638,18459,27004638,18459,0,0,0,0
1.408985523,52,1,0,0,0,0,0,0
0.423032708,0,0,0,0,0,0,0,0
31.07374259,50476588,33397,50476536,33396,0,0,0,0
2.481194609,3125688,2068,3125688,2068,0,0,0,0
1.066341295,52,1,0,0,0,0,0,0
0.661519833,0,0,0,0,0,0,0,0
0.389796682,52,1,0,0,0,0,0,0
0.474184446,0,0,0,0,0,0,0,0
0.963876139,52,1,0,0,0,0,0,0
0.139715694,0,0,0,0,0,0,0,0
0.686848233,52,1,0,0,0,0,0,0
1.50314412,0,0,0,0,0,0,0,0
0.177504721,52,1,0,0,0,0,0,0
1.020870192,0,0,0,0,0,0,0,0
1.293150722,52,1,0,0,0,0,0,0
0.140847204,0,0,0,0,0,0,0,0
0.565726359,52,1,0,0,0,0,0,0
0.821973629,0,0,0,0,0,0,0,0
0.147642742,52,1,0,0,0,0,0,0
1.186792158,0,0,0,0,0,0,0,0
1.734255941,52,1,0,0,0,0,0,0
0.118099409,0,0,0,0,0,0,0,0
1.000037787,52,1,0,0,0,0,0,0
1.325085234,0,0,0,0,0,0,0,0
0.218390545,52,1,0,0,0,0,0,0
0.745615688,0,0,0,0,0,0,0,0
1.233440058,52,1,0,0,0,0,0,0
0.299145493,0,0,0,0,0,0,0,0
35.18794619,54213054,35826,54199376,35816,0,0,0,0
41.83337052,71910720,47520,71860758,47487,0,0,0,0
40.85555835,89289196,59005,89343616,59040,0,0,0,0
42.3441896,91819336,60676,91752752,60632,0,0,0,0
41.18218614,85534786,56524,85493856,56496,0,0,0,0
42.36368156,94149860,62218,94216444,62262,0,0,0,0
42.94704987,89821868,59357,89774914,59325,0,0,0,0
43.77729215,85893360,56760,85959944,56804,0,0,0,0
41.06855345,79499834,52536,79434712,52492,0,0,0,0
42.11506662,64519896,42636,64586480,42680,0,0,0,0
43.78203527,75084126,49618,75040168,49588,0,0,0,0
41.33027505,70845376,46816,70845376,46816,0,0,0,0
40.7267094,75772644,50073,75706008,50028,0,0,0,0
39.61457995,74241160,49060,74241160,49060,0,0,0,0
40.33352724,81215878,53670,81232480,53680,0,0,0,0
39.40014817,64386943,42549,64386728,42548,0,0,0,0
39.83288579,64187243,42418,64186976,42416,0,0,0,0
35.1912354,53467167,35333,53400368,35288,0,0,0,0
32.98659373,45343971,29966,45343704,29964,0,0,0,0
34.07218961,48606320,32120,48672904,32164,0,0,0,0
44.3145388,43545988,28777,43545936,28776,0,0,0,0
32.3722137,54532296,36036,54532296,36036,0,0,0,0
31.10147387,54665516,36125,54665464,36124,0,0,0,0
35.30478759,66450832,43912,66450832,43912,0,0,0,0
41.54987339,49405380,32649,49405328,32648,0,0,0,0
41.86307638,71178296,47036,71178296,47036,0,0,0,0
40.15641292,77237440,51040,77237440,51040,0,0,0,0
42.88229238,85826828,56717,85826776,56716,0,0,0,0
41.28719192,79767632,52712,79834216,52756,0,0,0,0
44.27764774,66450884,43913,66450832,43912,0,0,0,0
40.58421159,68914440,45540,68894758,45527,0,0,0,0
44.19725934,68648156,45365,68583034,45321,0,0,0,0
42.59366008,68914440,45540,68932608,45552,0,0,0,0
40.28629489,59859110,39558,59922614,39599,0,0,0,0
38.88753955,61747560,40804,61789952,40832,0,0,0,0
42.49206163,69447164,45893,69447112,45892,0,0,0,0
38.60792268,58646878,38755,58660504,38764,0,0,0,0
37.84272013,59193270,39118,59193218,39117,0,0,0,0
35.25558225,61057528,40348,60990944,40304,0,0,0,0
23.17065701,41681636,27545,41615000,27500,0,0,0,0
28.81809929,41015744,27104,40949160,27060,0,0,0,0
49.71305015,63454604,41933,63454552,41932,0,0,0,0
37.27892001,46142712,30492,46163876,30506,0,0,0,0
41.13333727,53999676,35685,54001106,35685,0,0,0,0
27.91364371,34423928,22748,34387624,22724,0,0,0,0
41.57367623,60458324,39953,60464296,39956,0,0,0,0
36.08676545,57395408,37928,57328824,37884,0,0,0,0
37.76530018,44145244,29173,44211776,29216,0,0,0,0
43.52260777,54931800,36300,54931800,36300,0,0,0,0
30.97785125,60125404,39733,60125352,39732,0,0,0,0
36.97593644,60857776,40216,60857776,40216,0,0,0,0
37.24731217,56396700,37269,56340662,37231,0,0,0,0
35.46562021,62322624,41184,62378610,41221,0,0,0,0
42.98398074,75506308,49897,75506256,49896,0,0,0,0
39.63854501,79168376,52316,79101792,52272,0,0,0,0
42.35824672,80300356,53065,80366888,53108,0,0,0,0
40.87530185,83030248,54868,83096832,54912,0,0,0,0
40.82457157,80034020,52889,80033968,52888,0,0,0,0
41.03997497,81631984,53944,81565400,53900,0,0,0,0
41.21221236,75040220,49589,75040168,49588,0,0,0,0
40.22264192,80209496,53004,80233720,53020,0,0,0,0
39.81981455,76838072,50779,76771436,50734,0,0,0,0
42.99936033,88490136,58476,88511332,58490,0,0,0,0
42.17559559,78236252,51701,78236200,51700,0,0,0,0
37.78956676,69780032,46112,69713448,46068,0,0,0,0
40.95593012,74773884,49413,74840416,49456,0,0,0,0
39.22180955,73708488,48708,73641904,48664,0,0,0,0
40.93261494,72376860,47829,72310224,47784,0,0,0,0
40.83349647,84894600,56100,84894600,56100,0,0,0,0
42.12449457,89955036,59445,89888400,59400,0,0,0,0
41.49444095,86359448,57068,86426032,57112,0,0,0,0
44.54773447,85693660,56629,85760192,56672,0,0,0,0
41.71574058,86559200,57200,86492616,57156,0,0,0,0
40.74804474,84761484,56013,84761432,56012,0,0,0,0
40.59211377,85493856,56496,85493856,56496,0,0,0,0
38.42798604,81232532,53681,81232480,53680,0,0,0,0
41.12866944,84162176,55616,84228760,55660,0,0,0,0
45.91817926,79900852,52801,79835730,52757,0,0,0,0
41.70734651,81765152,54032,81765152,54032,0,0,0,0
37.47536837,65718460,43429,65718408,43428,0,0,0,0
39.32464492,80366888,53108,80300304,53064,0,0,0,0
42.10243962,90154788,59577,90153254,59575,0,0,0,0
43.49511349,83962424,55484,83962424,55484,0,0,0,0
41.88971765,83895892,55441,83829256,55396,0,0,0,0
43.59611672,71977304,47564,72043888,47608,0,0,0,0
45.8346489,81232574,53682,81232522,53681,0,0,0,0
41.48164128,67849096,44836,67782512,44792,0,0,0,0
41.07115867,67249892,44441,67183256,44396,0,0,0,0
39.4330949,64186976,42416,64218738,42437,0,0,0,0
37.35739397,69180818,45717,69180818,45717,0,0,0,0
40.05564455,82098124,54253,82164656,54296,0,0,0,0
41.78181141,59459512,39292,59470110,39299,0,0,0,0
43.01080741,66783804,44133,66783752,44132,0,0,0,0
38.2338548,74907000,49500,74907000,49500,0,0,0,0
38.99792472,66806514,44148,66783752,44132,0,0,0,0
42.46538077,72709728,48048,72643144,48004,0,0,0,0
39.2948919,70379340,46509,70445872,46552,0,0,0,0
42.63673332,73242400,48400,73175816,48356,0,0,0,0
39.03865519,68781324,45453,68781272,45452,0,0,0,0
38.27872652,62256040,41140,62256040,41140,0,0,0,0
41.3502627,69580332,45981,69580280,45980,0,0,0,0
36.38755576,62637408,41392,62588960,41360,0,0,0,0
26.86147655,42680396,28205,42746928,28248,0,0,0,0
1.058109255,0,0,0,0,0,0,0,0
1.260441003,52,1,0,0,0,0,0,0
0.222262786,0,0,0,0,0,0,0,0
1.351978943,52,1,0,0,0,0,0,0
17.92136137,1277748,23662,0,0,0,0,0,0
62.90860394,5952364,110229,0,0,0,0,0,0
61.40564423,5430834,100571,0,0,0,0,0,0
60.59997255,5323696,98587,0,0,0,0,0,0
65.03122057,6480540,120010,0,0,0,0,0,0
70.52779393,7908082,146446,0,0,0,0,0,0
51.20035101,4007178,74207,0,0,0,0,0,0
65.28997418,6381232,118171,0,0,0,0,0,0
67.3962446,7307442,135323,0,0,0,0,0,0
66.66517292,6780994,125574,0,0,0,0,0,0
61.66419012,5199228,96282,0,0,0,0,0,0
62.89912393,5900416,109267,0,0,0,0,0,0
63.81763551,6270750,116125,0,0,0,0,0,0
64.061619,6454996,119537,0,0,0,0,0,0
64.05892286,6544584,121196,0,0,0,0,0,0
59.11899589,5441524,100769,0,0,0,0,0,0
60.68511664,5651100,104650,0,0,0,0,0,0
42.59842339,3176710,58828,0,0,0,0,0,0
1.031278083,0,0,0,0,0,0,0,0
0.123589428,52,1,0,0,0,0,0,0
1.209075293,0,0,0,0,0,0,0,0
1.057345827,52,1,0,0,0,0,0,0
0.213742073,0,0,0,0,0,0,0,0
0.587294588,52,1,0,0,0,0,0,0
1.550380688,0,0,0,0,0,0,0,0
0.122977108,52,1,0,0,0,0,0,0
1.396784362,215,1,0,0,0,0,0,0
0.819319272,267,2,0,0,0,0,0,0
0.305841962,215,1,0,0,0,0,0,0
0.539171419,267,2,0,0,0,0,0,0
1.364346811,0,0,0,0,0,0,0,0
0.170651185,52,1,0,0,0,0,0,0
0.866718395,0,0,0,0,0,0,0,0
0.635566612,52,1,0,0,0,0,0,0
1.429216187,0,0,0,0,0,0,0,0
0.405952093,52,1,0,0,0,0,0,0
0.918789232,0,0,0,0,0,0,0,0
1.263942989,52,1,0,0,0,0,0,0
0.359961064,0,0,0,0,0,0,0,0
1.218300943,52,1,0,0,0,0,0,0
0.920859967,0,0,0,0,0,0,0,0
0.353902677,52,1,0,0,0,0,0,0
1.178479248,0,0,0,0,0,0,0,0
1.414186959,52,1,0,0,0,0,0,0
0.442233061,0,0,0,0,0,0,0,0
0.550638451,52,1,0,0,0,0,0,0
0.887425213,0,0,0,0,0,0,0,0
0.450372496,52,1,0,0,0,0,0,0
0.585000986,0,0,0,0,0,0,0,0
0.709056339,52,1,0,0,0,0,0,0
0.411832279,0,0,0,0,0,0,0,0
1.200288554,52,1,0,0,0,0,0,0
1.282682051,52,1,0,0,0,0,0,0
0.340065309,0,0,0,0,0,0,0,0
0.736511069,52,1,0,0,0,0,0,0
0.804367258,0,0,0,0,0,0,0,0
0.369480701,52,1,0,0,0,0,0,0
1.209109289,0,0,0,0,0,0,0,0
1.579474385,52,1,0,0,0,0,0,0
0.747879653,0,0,0,0,0,0,0,0
1.031798011,52,1,0,0,0,0,0,0
1.601415343,0,0,0,0,0,0,0,0
0.316017669,52,1,0,0,0,0,0,0
0.503704926,0,0,0,0,0,0,0,0
1.628084637,52,1,0,0,0,0,0,0
0.373680079,0,0,0,0,0,0,0,0
1.191845407,52,1,0,0,0,0,0,0
0.796111264,0,0,0,0,0,0,0,0
0.345239363,52,1,0,0,0,0,0,0
1.046412384,0,0,0,0,0,0,0,0
1.313572149,52,1,0,0,0,0,0,0
0.344515602,0,0,0,0,0,0,0,0
1.076747473,52,1,0,0,0,0,0,0
1.275280197,0,0,0,0,0,0,0,0
0.443347317,52,1,0,0,0,0,0,0
1.279002509,0,0,0,0,0,0,0,0
1.559771291,52,1,0,0,0,0,0,0
0.329301767,0,0,0,0,0,0,0,0
0.749355317,52,1,0,0,0,0,0,0
0.787675958,0,0,0,0,0,0,0,0
0.291645623,52,1,0,0,0,0,0,0
0.726204006,0,0,0,0,0,0,0,0
0.994839316,52,1,0,0,0,0,0,0
0.402843709,0,0,0,0,0,0,0,0
0.880608405,52,1,0,0,0,0,0,0
0.686865538,0,0,0,0,0,0,0,0
0.501238477,52,1,0,0,0,0,0,0
1.041000869,0,0,0,0,0,0,0,0
0.667591727,52,1,0,0,0,0,0,0
0.470869589,0,0,0,0,0,0,0,0
0.989760087,52,1,0,0,0,0,0,0
0.57327093,0,0,0,0,0,0,0,0
0.362864873,52,1,0,0,0,0,0,0
0.861371208,0,0,0,0,0,0,0,0
0.938307105,52,1,0,0,0,0,0,0
0.422095216,0,0,0,0,0,0,0,0
1.166085296,52,1,0,0,0,0,0,0
1.820936071,0,0,0,0,0,0,0,0
0.186840246,52,1,0,0,0,0,0,0
0.56632184,0,0,0,0,0,0,0,0
1.637836816,52,1,0,0,0,0,0,0
0.764427255,0,0,0,0,0,0,0,0
0.277734363,52,1,0,0,0,0,0,0
0.961747781,0,0,0,0,0,0,0,0
0.985866145,52,1,0,0,0,0,0,0
0.119914117,0,0,0,0,0,0,0,0
0.772523181,52,1,0,0,0,0,0,0
1.243400407,0,0,0,0,0,0,0,0
0.183728029,52,1,0,0,0,0,0,0
1.768060082,0,0,0,0,0,0,0,0
0.608582649,52,1,0,0,0,0,0,0
0.136595029,0,0,0,0,0,0,0,0
0.813044037,52,1,0,0,0,0,0,0
0.620686615,0,0,0,0,0,0,0,0
0.153838957,52,1,0,0,0,0,0,0
0.969767634,52,1,0,0,0,0,0,0
1.590659365,0,0,0,0,0,0,0,0
0.173945067,52,1,0,0,0,0,0,0
8.042086689,659934,12221,447830,7723,0,0,0,0
1.770285339,27646,512,29638,511,0,0,0,0
0.127188329,0,0,0,0,0,0,0,0
1.25178251,52,1,0,0,0,0,0,0
0.824448565,0,0,0,0,0,0,0,0
0.180742433,136,3,84,2,0,0,0,0
1.389891789,0,0,0,0,0,0,0,0
0.598961787,52,1,0,0,0,0,0,0
0.121579606,0,0,0,0,0,0,0,0
1.142334478,52,1,0,0,0,0,0,0
1.784169033,0,0,0,0,0,0,0,0
0.20914168,52,1,0,0,0,0,0,0
1.648221472,0,0,0,0,0,0,0,0
1.072657705,52,1,0,0,0,0,0,0
0.332249521,0,0,0,0,0,0,0,0
0.919964862,52,1,0,0,0,0,0,0
1.849279201,0,0,0,0,0,0,0,0
0.302914768,52,1,0,0,0,0,0,0
3.547311696,130032,2408,66782,1153,0,0,0,0
71.64247167,7627498,141250,4471084,77124,0,0,0,0
74.80019081,7931790,146885,4621974,79719,0,0,0,0
2.160966709,24190,448,25926,447,0,0,0,0
1.283851984,162,3,1218,21,0,0,0,0
0.108246704,52,1,0,0,0,0,0,0
1.185427526,0,0,0,0,0,0,0,0
1.215657061,52,1,0,0,0,0,0,0
0.213086521,215,1,580,10,0,0,0,0
2.120369161,267,2,464,8,0,0,0,0
1.028530482,215,1,0,0,0,0,0,0
0.263767351,267,2,0,0,0,0,0,0
1.668255755,0,0,0,0,0,0,0,0
0.672496212,52,1,0,0,0,0,0,0
0.175308214,0,0,0,0,0,0,0,0
1.391991206,52,1,0,0,0,0,0,0
1.391538585,0,0,580,10,0,0,0,0
0.216408138,52,1,464,8,0,0,0,0
1.099768545,0,0,0,0,0,0,0,0
1.371770646,52,1,0,0,0,0,0,0
0.40419456,0,0,0,0,0,0,0,0
1.292125752,52,1,0,0,0,0,0,0
16.20420067,693666,12845,372566,6423,0,0,0,0
56.00356888,1628746,30162,874658,15081,0,0,0,0
65.37392332,2125386,39359,1141524,19682,0,0,0,0
59.7434755,1883518,34880,1011462,17439,0,0,0,0
69.48991407,2104704,38976,1130304,19488,0,0,0,0
59.43562834,1959916,36295,1052568,18148,0,0,0,0
62.19303038,1934496,35824,1039012,17914,0,0,0,0
60.1978185,1687552,31251,906250,15625,0,0,0,0
65.54154733,2021004,37426,1085296,18712,0,0,0,0
60.7988955,1870720,34643,1002066,17277,0,0,0,0
63.24061345,2213730,40995,1190972,20534,0,0,0,0
64.45518097,1925800,35663,1034198,17831,0,0,0,0
59.03346199,1660878,30757,891866,15377,0,0,0,0
46.15168331,1271050,23538,682602,11769,0,0,0,0
54.27545566,1350096,25002,725042,12501,0,0,0,0
48.74400967,1379860,25553,741008,12776,0,0,0,0
59.03496084,1519828,28145,816292,14074,0,0,0,0
62.47097084,1506330,27895,808984,13948,0,0,0,0
58.05889785,1429324,26469,767572,13234,0,0,0,0
55.42351028,1469664,27216,789264,13608,0,0,0,0
60.88515119,2091472,38731,1123170,19365,0,0,0,0
65.27340541,1780272,32968,956304,16488,0,0,0,0
56.40951783,1533274,28394,823368,14196,0,0,0,0
57.63448866,1883088,34872,1011288,17436,0,0,0,0
60.96960105,1937086,35872,1040230,17935,0,0,0,0
66.48187772,1983852,36738,1065402,18369,0,0,0,0
61.04063961,1955608,36215,1050264,18108,0,0,0,0
40.91939687,1426140,26410,765890,13205,0,0,0,0
0.612721034,52,1,0,0,0,0,0,0
0.210431595,0,0,0,0,0,0,0,0
1.12807111,94,2,42,1,0,0,0,0
1.669520405,0,0,0,0,0,0,0,0
0.159765796,52,1,0,0,0,0,0,0
1.018407081,0,0,0,0,0,0,0,0
1.294521967,52,1,0,0,0,0,0,0
0.163485642,0,0,0,0,0,0,0,0
1.384736734,52,1,0,0,0,0,0,0
0.869528602,0,0,0,0,0,0,0,0
0.175861594,52,1,0,0,0,0,0,0
1.072228345,0,0,0,0,0,0,0,0
1.275228222,52,1,0,0,0,0,0,0
0.125239269,0,0,0,0,0,0,0,0
1.062675485,52,1,0,0,0,0,0,0
1.524512526,0,0,0,0,0,0,0,0
0.132493949,52,1,0,0,0,0,0,0
0.833996543,0,0,0,0,0,0,0,0
0.899369631,52,1,0,0,0,0,0,0
0.196844783,0,0,0,0,0,0,0,0
1.497128188,52,1,0,0,0,0,0,0
1.488124951,0,0,0,0,0,0,0,0
0.124032041,52,1,0,0,0,0,0,0
0.937843589,0,0,0,0,0,0,0,0
1.27843081,52,1,0,0,0,0,0,0
0.149955315,0,0,0,0,0,0,0,0
0.892890546,52,1,0,0,0,0,0,0
1.215752847,0,0,0,0,0,0,0,0
0.213108084,52,1,0,0,0,0,0,0
1.557705214,0,0,0,0,0,0,0,0
1.892914494,52,1,0,0,0,0,0,0
0.20999904,0,0,0,0,0,0,0,0
0.790281431,52,1,0,0,0,0,0,0
1.160632159,0,0,0,0,0,0,0,0
0.149995795,52,1,0,0,0,0,0,0
1.399545051,0,0,0,0,0,0,0,0
1.03115093,52,1,0,0,0,0,0,0
0.184363303,0,0,0,0,0,0,0,0
1.080181352,52,1,0,0,0,0,0,0
1.103887055,0,0,0,0,0,0,0,0
0.176693063,52,1,0,0,0,0,0,0
1.306337514,0,0,0,0,0,0,0,0
1.08910631,52,1,0,0,0,0,0,0
0.171911653,0,0,0,0,0,0,0,0
1.440023523,52,1,0,0,0,0,0,0
0.638828484,0,0,0,0,0,0,0,0
0.130382227,52,1,0,0,0,0,0,0
2.045929959,0,0,0,0,0,0,0,0
0.926235022,52,1,0,0,0,0,0,0
0.134693636,0,0,0,0,0,0,0,0
1.810109709,52,1,0,0,0,0,0,0
1.159099778,0,0,0,0,0,0,0,0
0.120828811,52,1,0,0,0,0,0,0
0.552103784,0,0,0,0,0,0,0,0
1.222443515,52,1,0,0,0,0,0,0
0.920104917,52,1,0,0,0,0,0,0
0.347027991,0,0,0,0,0,0,0,0
0.864754141,52,1,0,0,0,0,0,0
1.141352267,0,0,0,0,0,0,0,0
0.374937011,52,1,0,0,0,0,0,0
0.516797701,0,0,0,0,0,0,0,0
1.755180361,52,1,0,0,0,0,0,0
0.33561227,0,0,0,0,0,0,0,0
0.592980517,52,1,0,0,0,0,0,0
0.760078079,0,0,0,0,0,0,0,0
0.35017948,52,1,0,0,0,0,0,0
1.115626515,0,0,0,0,0,0,0,0
1.538427965,52,1,0,0,0,0,0,0
0.334315276,0,0,0,0,0,0,0,0
0.528439849,52,1,0,0,0,0,0,0
1.577019305,0,0,0,0,0,0,0,0
0.335926858,52,1,0,0,0,0,0,0
0.901984562,0,0,0,0,0,0,0,0
0.781509911,52,1,0,0,0,0,0,0
0.349114961,0,0,0,0,0,0,0,0
0.624807889,52,1,0,0,0,0,0,0
1.01243702,0,0,0,0,0,0,0,0
0.478893168,267,2,0,0,0,0,0,0
1.28490661,215,1,0,0,0,0,0,0
1.508357173,267,2,0,0,0,0,0,0
0.528054151,215,1,0,0,0,0,0,0
0.590875195,52,1,0,0,0,0,0,0
1.710814283,0,0,0,0,0,0,0,0
0.385313634,52,1,0,0,0,0,0,0
1.18410149,0,0,0,0,0,0,0,0
0.821756226,52,1,0,0,0,0,0,0
0.412146196,0,0,0,0,0,0,0,0
0.646619103,52,1,0,0,0,0,0,0
1.815535295,0,0,0,0,0,0,0,0
0.374627858,52,1,0,0,0,0,0,0
1.307112797,0,0,0,0,0,0,0,0
0.939009153,52,1,0,0,0,0,0,0
0.545232395,0,0,0,0,0,0,0,0
0.799402044,52,1,0,0,0,0,0,0
0.822162912,0,0,0,0,0,0,0,0
0.401667897,52,1,0,0,0,0,0,0
0.772944955,0,0,0,0,0,0,0,0
1.571509868,52,1,0,0,0,0,0,0
0.411175194,0,0,0,0,0,0,0,0
1.264815341,52,1,0,0,0,0,0,0
0.825410535,0,0,0,0,0,0,0,0
0.157480236,52,1,0,0,0,0,0,0
0.829708197,0,0,0,0,0,0,0,0
1.679415754,52,1,0,0,0,0,0,0
0.225244618,0,0,0,0,0,0,0,0
1.111711278,52,1,0,0,0,0,0,0
1.15098828,0,0,0,0,0,0,0,0
0.235107897,52,1,0,0,0,0,0,0
2.66063695,0,0,0,0,0,0,0,0
1.425306385,52,1,0,0,0,0,0,0
0.251977036,0,0,0,0,0,0,0,0
2.094276613,52,1,0,0,0,0,0,0
1.186832627,52,1,0,0,0,0,0,0
0.222919279,0,0,0,0,0,0,0,0
0.201771991,52,1,0,0,0,0,0,0
1.059576516,0,0,0,0,0,0,0,0
1.42073158,52,1,0,0,0,0,0,0
0.181867591,0,0,0,0,0,0,0,0
1.481674031,52,1,0,0,0,0,0,0
1.401662947,0,0,0,0,0,0,0,0
0.241490741,52,1,0,0,0,0,0,0
1.118868921,0,0,0,0,0,0,0,0
1.567815533,52,1,0,0,0,0,0,0
0.106237189,0,0,0,0,0,0,0,0
1.680345717,52,1,0,0,0,0,0,0
1.400932567,0,0,0,0,0,0,0,0
0.206806311,52,1,0,0,0,0,0,0
0.651858708,0,0,0,0,0,0,0,0
1.807783525,52,1,0,0,0,0,0,0
0.186688271,0,0,0,0,0,0,0,0
1.327794752,52,1,0,0,0,0,0,0
0.815611,0,0,0,0,0,0,0,0
0.140348576,52,1,0,0,0,0,0,0
1.360158257,0,0,0,0,0,0,0,0
1.482712971,52,1,0,0,0,0,0,0
0.115653946,0,0,0,0,0,0,0,0
0.749334,52,1,0,0,0,0,0,0
1.053423983,0,0,0,0,0,0,0,0
0.180717671,52,1,0,0,0,0,0,0
0.768783812,0,0,0,0,0,0,0,0
1.739393987,52,1,0,0,0,0,0,0
0.138473664,0,0,0,0,0,0,0,0
1.468462264,52,1,0,0,0,0,0,0
1.454769068,0,0,0,0,0,0,0,0
0.161030241,52,1,0,0,0,0,0,0
1.907140378,0,0,0,0,0,0,0,0
0.796532117,52,1,0,0,0,0,0,0
0.143887922,0,0,0,0,0,0,0,0
1.062610916,52,1,0,0,0,0,0,0
0.592813116,0,0,0,0,0,0,0,0
0.151450412,52,1,0,0,0,0,0,0
1.676594374,0,0,0,0,0,0,0,0
1.365241552,52,1,0,0,0,0,0,0
0.115694364,0,0,0,0,0,0,0,0
1.049745126,52,1,0,0,0,0,0,0
1.879889687,0,0,0,0,0,0,0,0
0.280488045,52,1,0,0,0,0,0,0
1.498068292,0,0,0,0,0,0,0,0
0.69332287,52,1,0,0,0,0,0,0
0.296899473,0,0,0,0,0,0,0,0
0.804321756,52,1,0,0,0,0,0,0
1.616339693,0,0,0,0,0,0,0,0
0.449445676,52,1,0,0,0,0,0,0
1.687713638,0,0,0,0,0,0,0,0
0.789986716,52,1,0,0,0,0,0,0
0.373922085,0,0,0,0,0,0,0,0
1.202475471,52,1,0,0,0,0,0,0
1.082830153,0,0,0,0,0,0,0,0
0.439370421,52,1,0,0,0,0,0,0
1.527711002,0,0,0,0,0,0,0,0
0.65661839,52,1,0,0,0,0,0,0
0.391739245,0,0,0,0,0,0,0,0
1.424852437,52,1,0,0,0,0,0,0
1.243139173,52,1,0,0,0,0,0,0
0.50301693,0,0,0,0,0,0,0,0
1.485700952,52,1,0,0,0,0,0,0
0.977698577,0,0,0,0,0,0,0,0
0.577293808,52,1,0,0,0,0,0,0
2.086009917,0,0,0,0,0,0,0,0
1.219749391,52,1,0,0,0,0,0,0
0.473390431,0,0,0,0,0,0,0,0
1.116062436,52,1,0,0,0,0,0,0
0.843839077,0,0,0,0,0,0,0,0
0.433623911,52,1,0,0,0,0,0,0
0.230551572,0,0,0,0,0,0,0,0
0.665857198,52,1,0,0,0,0,0,0
1.547212079,0,0,0,0,0,0,0,0
0.205946376,52,1,0,0,0,0,0,0
1.139044769,0,0,0,0,0,0,0,0
1.648208728,52,1,0,0,0,0,0,0
0.130182694,0,0,0,0,0,0,0,0
1.063339282,52,1,0,0,0,0,0,0
0.542396814,0,0,0,0,0,0,0,0
0.096765895,52,1,0,0,0,0,0,0
0.475639545,215,1,0,0,0,0,0,0
1.235493654,267,2,0,0,0,0,0,0
0.086001763,215,1,0,0,0,0,0,0
0.57424199,267,2,0,0,0,0,0,0
1.130476451,0,0,0,0,0,0,0,0
0.121899024,52,1,0,0,0,0,0,0
0.408466315,0,0,0,0,0,0,0,0
1.198314428,52,1,0,0,0,0,0,0
0.080196025,0,0,0,0,0,0,0,0
0.791300945,52,1,0,0,0,0,0,0
1.135945423,0,0,0,0,0,0,0,0
0.134150853,52,1,0,0,0,0,0,0
0.827494992,0,0,0,0,0,0,0,0
1.202430005,52,1,0,0,0,0,0,0
0.081414066,0,0,0,0,0,0,0,0
0.951779116,52,1,0,0,0,0,0,0
0.523329983,0,0,0,0,0,0,0,0
0.122165027,52,1,0,0,0,0,0,0
1.15033473,0,0,0,0,0,0,0,0
0.731528573,52,1,0,0,0,0,0,0
0.097120069,0,0,0,0,0,0,0,0
0.446683161,52,1,0,0,0,0,0,0
1.152746457,0,0,0,0,0,0,0,0
0.124244299,52,1,0,0,0,0,0,0
0.531006904,0,0,0,0,0,0,0,0
0.550262851,52,1,0,0,0,0,0,0
0.107578954,0,0,0,0,0,0,0,0
1.538898493,52,1,0,0,0,0,0,0
1.158808913,0,0,0,0,0,0,0,0
0.252398823,52,1,0,0,0,0,0,0
0.612025228,0,0,0,0,0,0,0,0
1.230045133,52,1,0,0,0,0,0,0
0.191095767,0,0,0,0,0,0,0,0
1.442703655,52,1,0,0,0,0,0,0
2.022433675,0,0,0,0,0,0,0,0
0.263890296,52,1,0,0,0,0,0,0
1.031897107,0,0,0,0,0,0,0,0
0.933445564,52,1,0,0,0,0,0,0
0.158299923,0,0,0,0,0,0,0,0
1.516976241,52,1,0,0,0,0,0,0
2.022643238,0,0,0,0,0,0,0,0
0.281445343,52,1,0,0,0,0,0,0
1.505967215,0,0,0,0,0,0,0,0
0.947834608,52,1,0,0,0,0,0,0
0.284854012,0,0,0,0,0,0,0,0
1.295388378,52,1,0,0,0,0,0,0
1.257284894,52,1,0,0,0,0,0,0
0.289018124,0,0,0,0,0,0,0,0
1.42361084,52,1,0,0,0,0,0,0
0.847910357,0,0,0,0,0,0,0,0
0.249032264,52,1,0,0,0,0,0,0
1.589807257,0,0,0,0,0,0,0,0
1.551192561,52,1,0,0,0,0,0,0
0.162628639,0,0,0,0,0,0,0,0
2.045249121,52,1,0,0,0,0,0,0
0.833675874,0,0,0,0,0,0,0,0
0.298073701,52,1,0,0,0,0,0,0
1.432541549,0,0,0,0,0,0,0,0
0.672739232,52,1,70,1,0,0,0,0
0.14616036,0,0,0,0,0,0,0,0
1.97189695,52,1,0,0,0,0,0,0
0.674939534,0,0,0,0,0,0,0,0
0.171338961,52,1,0,0,0,0,0,0
0.578703782,0,0,0,0,0,0,0,0
1.46555416,52,1,0,0,0,0,0,0
0.76242044,0,0,0,0,0,0,0,0
0.742404526,52,1,0,0,0,0,0,0
0.741620406,0,0,0,0,0,0,0,0
0.817654346,52,1,0,0,0,0,0,0
0.388304503,0,0,0,0,0,0,0,0
0.678804383,52,1,0,0,0,0,0,0
1.729858384,0,0,0,0,0,0,0,0
0.424862852,52,1,0,0,0,0,0,0
1.231341456,0,0,0,0,0,0,0,0
0.87289296,52,1,0,0,0,0,0,0
0.400956561,0,0,0,0,0,0,0,0
1.270950915,52,1,0,0,0,0,0,0
0.807913263,0,0,0,0,0,0,0,0
0.337644394,52,1,0,0,0,0,0,0
0.805696921,0,0,0,0,0,0,0,0
1.528540149,52,1,0,0,0,0,0,0
0.429163252,0,0,0,0,0,0,0,0
1.166617655,52,1,0,0,0,0,0,0
0.942518166,0,0,0,0,0,0,0,0
0.388546994,52,1,0,0,0,0,0,0
1.54523682,0,0,0,0,0,0,0,0
1.304446631,52,1,0,0,0,0,0,0
0.593497057,0,0,0,0,0,0,0,0
1.277118959,52,1,0,0,0,0,0,0
1.540264151,0,0,0,0,0,0,0,0
0.422401647,52,1,0,0,0,0,0,0
38.90961927,56781186,38115,56714148,38070,0,0,0,0
40.13438633,80579728,54091,80579676,54090,0,0,0,0
40.66718123,79440030,53325,79424468,53314,0,0,0,0
38.60324283,77160790,51796,77160316,51794,0,0,0,0
39.97798765,76088130,51075,76155168,51120,0,0,0,0
41.08333543,79104976,53103,79104924,53102,0,0,0,0
40.6659076,79775220,53550,79833174,53589,0,0,0,0
41.42694354,71864788,48241,71811324,48204,0,0,0,0
43.28062558,68177646,45765,68142824,45742,0,0,0,0
39.63919024,75685954,50806,75618864,50760,0,0,0,0
42.62302363,81222856,54523,81183018,54495,0,0,0,0
43.63944406,74345142,49905,74345142,49905,0,0,0,0
38.22672374,73205548,49141,73138458,49095,0,0,0,0
39.07626816,63820176,42840,63820598,42841,0,0,0,0
41.32882417,68311774,45856,68244684,45810,0,0,0,0
42.53345251,78155288,52462,78099270,52425,0,0,0,0
42.2744059,77160790,51796,77227776,51840,0,0,0,0
40.76910867,84266766,56565,84266766,56565,0,0,0,0
41.04277688,76624486,51436,76578592,51404,0,0,0,0
41.49077327,77294814,51885,77294814,51885,0,0,0,0
42.03910933,85138312,57151,85138260,57150,0,0,0,0
41.498851,84803070,56925,84736032,56880,0,0,0,0
44.37521682,89294668,59941,89294616,59940,0,0,0,0
41.17100189,91976136,61740,92043174,61785,0,0,0,0
38.6145664,79306006,53236,79238916,53190,0,0,0,0
41.97067649,75820020,50896,75820020,50896,0,0,0,0
40.35430261,81172050,54488,81115980,54450,0,0,0,0
41.03273202,83127120,55800,83060082,55755,0,0,0,0
39.68792742,74278371,49862,74277682,49859,0,0,0,0
39.57073784,82054727,55081,82054512,55080,0,0,0,0
43.6843701,92512707,62102,92498814,62091,0,0,0,0
41.89135491,84535133,56746,84601956,56790,0,0,0,0
42.22938335,82255678,55216,82255626,55215,0,0,0,0
45.02794298,75417750,50625,75417750,50625,0,0,0,0
39.69814348,74948536,50311,74948484,50310,0,0,0,0
45.00385916,81451170,54675,81447720,54672,0,0,0,0
40.55996134,78078470,52413,78099604,52426,0,0,0,0
41.09510391,84937146,57015,85004184,57060,0,0,0,0
38.816009,78568588,52741,78568536,52740,0,0,0,0
42.24152254,82503674,55381,82456740,55350,0,0,0,0
42.56244237,80364988,53947,80378562,53955,0,0,0,0
39.96282347,81048984,54406,81116022,54451,0,0,0,0
42.12127295,78702664,52831,78702190,52829,0,0,0,0
38.49612755,77086130,51745,77093278,51749,0,0,0,0
44.90323058,103305610,69346,103372596,69390,0,0,0,0
43.134471,83797500,56250,83797500,56250,0,0,0,0
41.76362683,75283768,50537,75216678,50491,0,0,0,0
41.17407807,84065652,56430,83998614,56385,0,0,0,0
41.3500768,92244340,61921,92177250,61875,0,0,0,0
40.00466095,83998614,56385,84065652,56430,0,0,0,0
43.35171343,93424864,62713,93383934,62685,0,0,0,0
40.32700941,80244486,53865,80244486,53865,0,0,0,0
45.02032422,70725142,47476,70725090,47475,0,0,0,0
37.29155531,75082560,50400,75015522,50355,0,0,0,0
36.92117077,73406662,49276,73473648,49320,0,0,0,0
39.61594143,76624434,51435,76557396,51390,0,0,0,0
43.24486789,77898208,52291,77898156,52290,0,0,0,0
41.74113048,82255626,55215,82322664,55260,0,0,0,0
42.38731126,83194210,55846,83194158,55845,0,0,0,0
42.80380208,76892586,51615,76860370,51593,0,0,0,0
41.52414592,88624288,59491,88624236,59490,0,0,0,0
41.68009255,87417552,58680,87350514,58635,0,0,0,0
44.50758958,79440082,53326,79507068,53370,0,0,0,0
43.68199768,83529348,56070,83529348,56070,0,0,0,0
41.58728384,81116032,54451,81048942,54405,0,0,0,0
41.39604934,82523778,55395,82523778,55395,0,0,0,0
41.82252956,88557250,59446,88557198,59445,0,0,0,0
42.06332876,86277948,57916,86277948,57916,0,0,0,0
41.22025692,84937198,57016,85004184,57060,0,0,0,0
41.23924612,81786360,54900,81853398,54945,0,0,0,0
45.77737037,75417802,50626,75350712,50580,0,0,0,0
43.71428636,77965194,52335,77898156,52290,0,0,0,0
41.82235504,89763934,60256,89830920,60300,0,0,0,0
42.47567322,90702466,60886,90702414,60885,0,0,0,0
45.09363222,70859166,47565,70926204,47610,0,0,0,0
43.43305307,90367276,60661,90367224,60660,0,0,0,0
41.31427228,86881248,58320,86881248,58320,0,0,0,0
43.83871848,93652138,62866,93585048,62820,0,0,0,0
43.96908405,91506870,61425,91506870,61425,0,0,0,0
43.13030385,63485038,42616,63484986,42615,0,0,0,0
41.75744272,80914866,54315,80847828,54270,0,0,0,0
45.77372507,69987724,46981,70040662,47015,0,0,0,0
42.10810017,78300384,52560,78367422,52605,0,0,0,0
38.56781235,73473700,49321,73407032,49276,0,0,0,0
41.39687712,79909296,53640,79909296,53640,0,0,0,0
43.01615901,83068126,55762,83127120,55800,0,0,0,0
42.66107931,79909296,53640,79953624,53670,0,0,0,0
40.70819704,81451306,54678,81498610,54709,0,0,0,0
41.93746723,88959426,59715,88893902,59671,0,0,0,0
47.19329423,69250306,46486,69250254,46485,0,0,0,0
41.50241086,79305954,53235,79238916,53190,0,0,0,0
41.94282104,89495782,60076,89562768,60120,0,0,0,0
42.28739166,88490160,59400,88557198,59445,0,0,0,0
39.3503488,79574158,53416,79621462,53447,0,0,0,0
41.00426083,77366394,51933,77361852,51930,0,0,0,0
41.83253623,80177500,53821,80244486,53865,0,0,0,0
43.71569914,82121550,55125,82121550,55125,0,0,0,0
43.37395319,86479072,58051,86479020,58050,0,0,0,0
42.82607376,77428890,51975,77428890,51975,0,0,0,0
42.55650274,78635626,52786,78702612,52830,0,0,0,0
41.97617005,79842258,53595,79842258,53595,0,0,0,0
41.94392717,78568588,52741,78568536,52740,0,0,0,0
39.39894582,80288814,53895,80311524,53910,0,0,0,0
40.70937453,79775272,53551,79708182,53505,0,0,0,0
42.73624556,81987474,55035,81987474,55035,0,0,0,0
42.65846736,75071592,50393,75015522,50355,0,0,0,0
44.68858942,94255428,63270,94255428,63270,0,0,0,0
42.56768721,92579530,62146,92512440,62100,0,0,0,0
38.60146473,79440072,53326,79507110,53371,0,0,0,0
44.95028834,81987526,55036,81920436,54990,0,0,0,0
40.33532778,83663424,56160,83730462,56205,0,0,0,0
42.15545309,82121602,55126,82120036,55124,0,0,0,0
46.85329316,75484788,50670,75498414,50679,0,0,0,0
44.73617657,88087984,59131,88087932,59130,0,0,0,0
40.01154347,78233346,52515,78233346,52515,0,0,0,0
44.56906635,88222060,59221,88223522,59221,0,0,0,0
44.73082482,69987672,46980,69920634,46935,0,0,0,0
40.52316037,77361904,51931,77361852,51930,0,0,0,0
43.18206421,83174476,55832,83194158,55845,0,0,0,0
41.81527838,75216688,50491,75216636,50490,0,0,0,0
41.57810606,87618666,58815,87618666,58815,0,0,0,0
41.43041672,81518260,54721,81517786,54719,0,0,0,0
39.26118186,82993044,55710,82993044,55710,0,0,0,0
35.87857083,77361904,51931,77361852,51930,0,0,0,0
47.5557619,80445600,54000,80445600,54000,0,0,0,0
39.26639435,77563018,52066,77562966,52065,0,0,0,0
41.45618892,77361852,51930,77361852,51930,0,0,0,0
42.16120301,78787870,52888,78769650,52875,0,0,0,0
43.08028274,85406412,57330,85447712,57358,0,0,0,0
42.45116096,84535012,56747,84534960,56746,0,0,0,0
41.64341075,79171878,53145,79104840,53100,0,0,0,0
40.82168031,85272388,57241,85272336,57240,0,0,0,0
39.27833385,67239114,45135,67239114,45135,0,0,0,0
40.6197047,88691326,59536,88691274,59535,0,0,0,0
38.55379597,78970806,53011,78970806,53011,0,0,0,0
42.48352822,88636822,59500,88691274,59535,0,0,0,0
41.32869812,77026662,51705,77093700,51750,0,0,0,0
44.51959274,71596636,48061,71596584,48060,0,0,0,0
41.53780119,88154970,59175,88087932,59130,0,0,0,0
41.44143627,84870108,56970,84937146,57015,0,0,0,0
44.53250608,73875928,49591,73808838,49545,0,0,0,0
41.98725131,80378562,53955,80393702,53965,0,0,0,0
38.61936697,79574158,53416,79574106,53415,0,0,0,0
42.23408455,85004184,57060,84937146,57015,0,0,0,0
41.5779852,83127172,55801,83127120,55800,0,0,0,0
41.04029219,88423122,59355,88423122,59355,0,0,0,0
40.5658552,80915133,54317,80847828,54270,0,0,0,0
41.42196507,80445815,54001,80378562,53955,0,0,0,0
42.13508356,91842327,61652,91842060,61650,0,0,0,0
42.84001545,60937799,40907,60937584,40906,0,0,0,0
41.9903645,57786808,38791,57786756,38790,0,0,0,0
43.33566491,75954054,50985,76021092,51030,0,0,0,0
42.20215918,79104892,53101,79171878,53145,0,0,0,0
41.46004275,81384132,54630,81384132,54630,0,0,0,0
43.47665852,73886526,49598,73926260,49624,0,0,0,0
42.48282798,90576330,60801,90568338,60795,0,0,0,0
42.25508536,88758364,59581,88691274,59535,0,0,0,0
40.68485221,85942716,57690,85942716,57690,0,0,0,0
40.85390802,88490212,59401,88423122,59355,0,0,0,0
42.80061073,89227578,59895,89227578,59895,0,0,0,0
43.70859895,86210920,57871,86210868,57870,0,0,0,0
43.99872606,78300384,52560,78367422,52605,0,0,0,0
44.47198151,75081098,50400,75082560,50400,0,0,0,0
44.95544909,71663622,48105,71666650,48107,0,0,0,0
40.81496279,81518260,54721,81451170,54675,0,0,0,0
44.96584913,62010150,41625,61943112,41580,0,0,0,0
39.21830133,78501550,52696,78461712,52668,0,0,0,0
43.86511908,83462310,56025,83462310,56025,0,0,0,0
42.15831813,84333856,56611,84400842,56655,0,0,0,0
40.18647072,83931576,56340,83909958,56325,0,0,0,0
42.36568983,76836240,51579,76825590,51571,0,0,0,0
42.60807687,94925808,63720,94925808,63720,0,0,0,0
40.7441073,89026516,59761,89085932,59800,0,0,0,0
44.40046475,81317094,54585,81382196,54628,0,0,0,0
41.80746649,71596636,48061,71663622,48105,0,0,0,0
0.11969966,0,0,0,0,0,0,0,0
0.842472178,52,1,0,0,0,0,0,0
0.554738,0,0,0,0,0,0,0,0
0.156509387,52,1,0,0,0,0,0,0
0.843900654,0,0,0,0,0,0,0,0
0.932680591,52,1,0,0,0,0,0,0
0.093789448,0,0,0,0,0,0,0,0
1.017230312,52,1,0,0,0,0,0,0
1.035911671,0,0,0,0,0,0,0,0
0.097237549,52,1,0,0,0,0,0,0
0.91342953,0,0,0,0,0,0,0,0
1.194920195,52,1,0,0,0,0,0,0
0.115602391,0,0,0,0,0,0,0,0
1.757417664,52,1,0,0,0,0,0,0
0.777832349,0,0,0,0,0,0,0,0
0.221352742,52,1,0,0,0,0,0,0
1.154787185,0,0,0,0,0,0,0,0
1.63034663,52,1,0,0,0,0,0,0
0.238190452,0,0,0,0,0,0,0,0
1.628914113,52,1,0,0,0,0,0,0
0.679769582,0,0,0,0,0,0,0,0
0.261989668,52,1,0,0,0,0,0,0
1.398505701,0,0,0,0,0,0,0,0
0.496948946,52,1,0,0,0,0,0,0
0.13095009,0,0,0,0,0,0,0,0
1.526469416,52,1,0,0,0,0,0,0
0.653460858,0,0,0,0,0,0,0,0
0.418598289,52,1,0,0,0,0,0,0
1.514949496,0,0,0,0,0,0,0,0
1.40664025,52,1,0,0,0,0,0,0
0.368167788,0,0,0,0,0,0,0,0
0.566570404,52,1,0,0,0,0,0,0
1.185395861,52,1,0,0,0,0,0,0
0.998604426,0,0,0,0,0,0,0,0
0.223369316,52,1,0,0,0,0,0,0
0.882295506,0,0,0,0,0,0,0,0
0.13369121,52,1,0,0,0,0,0,0
0.74514544,0,0,0,0,0,0,0,0
0.658578462,52,1,0,0,0,0,0,0
0.173464672,0,0,0,0,0,0,0,0
0.723244225,52,1,0,0,0,0,0,0
1.384641522,0,0,0,0,0,0,0,0
0.115177176,52,1,0,0,0,0,0,0
1.182217551,0,0,0,0,0,0,0,0
32.85477301,50033110,33586,50010348,33570,0,0,0,0
